sequence_id,label,branch,training_eligible,cv_eligible,stress_test_only,allowed_use,notes
POSR01_0198,1,positive_core,yes,yes,no,embedding_and_formal_plm_matched_cv,
POSR01_0879,1,positive_core,yes,yes,no,embedding_and_formal_plm_matched_cv,
POSR01_0662,1,positive_core,yes,yes,no,embedding_and_formal_plm_matched_cv,
POSR01_0882,1,positive_core,yes,yes,no,embedding_and_formal_plm_matched_cv,
POSR01_0264,1,positive_core,yes,yes,no,embedding_and_formal_plm_matched_cv,
POSR01_0544,1,positive_core,yes,yes,no,embedding_and_formal_plm_matched_cv,
POSR01_0481,1,positive_core,yes,yes,no,embedding_and_formal_plm_matched_cv,
POSR01_0781,1,positive_core,yes,yes,no,embedding_and_formal_plm_matched_cv,
POSR01_0750,1,positive_core,yes,yes,no,embedding_and_formal_plm_matched_cv,
POSR01_0867,1,positive_core,yes,yes,no,embedding_and_formal_plm_matched_cv,
POSR01_0823,1,positive_core,yes,yes,no,embedding_and_formal_plm_matched_cv,
POSR01_0132,1,positive_core,yes,yes,no,embedding_and_formal_plm_matched_cv,
POSR01_0183,1,positive_core,yes,yes,no,embedding_and_formal_plm_matched_cv,
POSR01_0560,1,positive_core,yes,yes,no,embedding_and_formal_plm_matched_cv,
POSR01_0589,1,positive_core,yes,yes,no,embedding_and_formal_plm_matched_cv,
POSR01_0804,1,positive_core,yes,yes,no,embedding_and_formal_plm_matched_cv,
POSR01_0114,1,positive_core,yes,yes,no,embedding_and_formal_plm_matched_cv,
POSR01_0677,1,positive_core,yes,yes,no,embedding_and_formal_plm_matched_cv,
POSR01_0862,1,positive_core,yes,yes,no,embedding_and_formal_plm_matched_cv,
POSR01_0187,1,positive_core,yes,yes,no,embedding_and_formal_plm_matched_cv,
POSR01_0894,1,positive_core,yes,yes,no,embedding_and_formal_plm_matched_cv,
POSR01_0477,1,positive_core,yes,yes,no,embedding_and_formal_plm_matched_cv,
POSR01_0148,1,positive_core,yes,yes,no,embedding_and_formal_plm_matched_cv,
POSR01_0657,1,positive_core,yes,yes,no,embedding_and_formal_plm_matched_cv,
POSR01_0004,1,positive_core,yes,yes,no,embedding_and_formal_plm_matched_cv,
POSR01_0230,1,positive_core,yes,yes,no,embedding_and_formal_plm_matched_cv,
POSR01_0113,1,positive_core,yes,yes,no,embedding_and_formal_plm_matched_cv,
POSR01_0720,1,positive_core,yes,yes,no,embedding_and_formal_plm_matched_cv,
POSR01_0396,1,positive_core,yes,yes,no,embedding_and_formal_plm_matched_cv,
POSR01_0769,1,positive_core,yes,yes,no,embedding_and_formal_plm_matched_cv,
POSR01_0054,1,positive_core,yes,yes,no,embedding_and_formal_plm_matched_cv,
POSR01_0807,1,positive_core,yes,yes,no,embedding_and_formal_plm_matched_cv,
POSR01_0329,1,positive_core,yes,yes,no,embedding_and_formal_plm_matched_cv,
POSR01_0046,1,positive_core,yes,yes,no,embedding_and_formal_plm_matched_cv,
POSR01_0104,1,positive_core,yes,yes,no,embedding_and_formal_plm_matched_cv,
POSR01_0460,1,positive_core,yes,yes,no,embedding_and_formal_plm_matched_cv,
POSR01_0090,1,positive_core,yes,yes,no,embedding_and_formal_plm_matched_cv,
POSR01_0040,1,positive_core,yes,yes,no,embedding_and_formal_plm_matched_cv,
POSR01_0855,1,positive_core,yes,yes,no,embedding_and_formal_plm_matched_cv,
POSR01_0035,1,positive_core,yes,yes,no,embedding_and_formal_plm_matched_cv,
POSR01_0847,1,positive_core,yes,yes,no,embedding_and_formal_plm_matched_cv,
POSR01_0257,1,positive_core,yes,yes,no,embedding_and_formal_plm_matched_cv,
POSR01_0210,1,positive_core,yes,yes,no,embedding_and_formal_plm_matched_cv,
POSR01_0571,1,positive_core,yes,yes,no,embedding_and_formal_plm_matched_cv,
POSR01_0577,1,positive_core,yes,yes,no,embedding_and_formal_plm_matched_cv,
POSR01_0110,1,positive_core,yes,yes,no,embedding_and_formal_plm_matched_cv,
POSR01_0454,1,positive_core,yes,yes,no,embedding_and_formal_plm_matched_cv,
POSR01_0653,1,positive_core,yes,yes,no,embedding_and_formal_plm_matched_cv,
POSR01_0455,1,positive_core,yes,yes,no,embedding_and_formal_plm_matched_cv,
POSR01_0323,1,positive_core,yes,yes,no,embedding_and_formal_plm_matched_cv,
POSR01_0666,1,positive_core,yes,yes,no,embedding_and_formal_plm_matched_cv,
POSR01_0061,1,positive_core,yes,yes,no,embedding_and_formal_plm_matched_cv,
POSR01_0860,1,positive_core,yes,yes,no,embedding_and_formal_plm_matched_cv,
POSR01_0250,1,positive_core,yes,yes,no,embedding_and_formal_plm_matched_cv,
POSR01_0247,1,positive_core,yes,yes,no,embedding_and_formal_plm_matched_cv,
POSR01_0400,1,positive_core,yes,yes,no,embedding_and_formal_plm_matched_cv,
POSR01_0091,1,positive_core,yes,yes,no,embedding_and_formal_plm_matched_cv,
POSR01_0167,1,positive_core,yes,yes,no,embedding_and_formal_plm_matched_cv,
POSR01_0518,1,positive_core,yes,yes,no,embedding_and_formal_plm_matched_cv,
POSR01_0836,1,positive_core,yes,yes,no,embedding_and_formal_plm_matched_cv,
POSR01_0306,1,positive_core,yes,yes,no,embedding_and_formal_plm_matched_cv,
POSR01_0527,1,positive_core,yes,yes,no,embedding_and_formal_plm_matched_cv,
POSR01_0220,1,positive_core,yes,yes,no,embedding_and_formal_plm_matched_cv,
POSR01_0151,1,positive_core,yes,yes,no,embedding_and_formal_plm_matched_cv,
POSR01_0331,1,positive_core,yes,yes,no,embedding_and_formal_plm_matched_cv,
POSR01_0533,1,positive_core,yes,yes,no,embedding_and_formal_plm_matched_cv,
POSR01_0683,1,positive_core,yes,yes,no,embedding_and_formal_plm_matched_cv,
POSR01_0591,1,positive_core,yes,yes,no,embedding_and_formal_plm_matched_cv,
POSR01_0287,1,positive_core,yes,yes,no,embedding_and_formal_plm_matched_cv,
POSR01_0098,1,positive_core,yes,yes,no,embedding_and_formal_plm_matched_cv,
POSR01_0128,1,positive_core,yes,yes,no,embedding_and_formal_plm_matched_cv,
POSR01_0447,1,positive_core,yes,yes,no,embedding_and_formal_plm_matched_cv,
POSR01_0553,1,positive_core,yes,yes,no,embedding_and_formal_plm_matched_cv,
POSR01_0021,1,positive_core,yes,yes,no,embedding_and_formal_plm_matched_cv,
POSR01_0165,1,positive_core,yes,yes,no,embedding_and_formal_plm_matched_cv,
POSR01_0002,1,positive_core,yes,yes,no,embedding_and_formal_plm_matched_cv,
POSR01_0277,1,positive_core,yes,yes,no,embedding_and_formal_plm_matched_cv,
POSR01_0801,1,positive_core,yes,yes,no,embedding_and_formal_plm_matched_cv,
POSR01_0475,1,positive_core,yes,yes,no,embedding_and_formal_plm_matched_cv,
POSR01_0196,1,positive_core,yes,yes,no,embedding_and_formal_plm_matched_cv,
POSR01_0015,1,positive_core,yes,yes,no,embedding_and_formal_plm_matched_cv,
POSR01_0321,1,positive_core,yes,yes,no,embedding_and_formal_plm_matched_cv,
POSR01_0752,1,positive_core,yes,yes,no,embedding_and_formal_plm_matched_cv,
POSR01_0751,1,positive_core,yes,yes,no,embedding_and_formal_plm_matched_cv,
POSR01_0881,1,positive_core,yes,yes,no,embedding_and_formal_plm_matched_cv,
POSR01_0780,1,positive_core,yes,yes,no,embedding_and_formal_plm_matched_cv,
POSR01_0696,1,positive_core,yes,yes,no,embedding_and_formal_plm_matched_cv,
POSR01_0664,1,positive_core,yes,yes,no,embedding_and_formal_plm_matched_cv,
POSR01_0101,1,positive_core,yes,yes,no,embedding_and_formal_plm_matched_cv,
POSR01_0688,1,positive_core,yes,yes,no,embedding_and_formal_plm_matched_cv,
POSR01_0436,1,positive_core,yes,yes,no,embedding_and_formal_plm_matched_cv,
POSR01_0827,1,positive_core,yes,yes,no,embedding_and_formal_plm_matched_cv,
POSR01_0431,1,positive_core,yes,yes,no,embedding_and_formal_plm_matched_cv,
POSR01_0520,1,positive_core,yes,yes,no,embedding_and_formal_plm_matched_cv,
POSR01_0740,1,positive_core,yes,yes,no,embedding_and_formal_plm_matched_cv,
POSR01_0839,1,positive_core,yes,yes,no,embedding_and_formal_plm_matched_cv,
POSR01_0043,1,positive_core,yes,yes,no,embedding_and_formal_plm_matched_cv,
POSR01_0490,1,positive_core,yes,yes,no,embedding_and_formal_plm_matched_cv,
POSR01_0141,1,positive_core,yes,yes,no,embedding_and_formal_plm_matched_cv,
POSR01_0899,1,positive_core,yes,yes,no,embedding_and_formal_plm_matched_cv,
POSR01_0603,1,positive_core,yes,yes,no,embedding_and_formal_plm_matched_cv,
POSR01_0567,1,positive_core,yes,yes,no,embedding_and_formal_plm_matched_cv,
POSR01_0468,1,positive_core,yes,yes,no,embedding_and_formal_plm_matched_cv,
POSR01_0139,1,positive_core,yes,yes,no,embedding_and_formal_plm_matched_cv,
POSR01_0825,1,positive_core,yes,yes,no,embedding_and_formal_plm_matched_cv,
POSR01_0356,1,positive_core,yes,yes,no,embedding_and_formal_plm_matched_cv,
POSR01_0271,1,positive_core,yes,yes,no,embedding_and_formal_plm_matched_cv,
POSR01_0258,1,positive_core,yes,yes,no,embedding_and_formal_plm_matched_cv,
POSR01_0084,1,positive_core,yes,yes,no,embedding_and_formal_plm_matched_cv,
POSR01_0392,1,positive_core,yes,yes,no,embedding_and_formal_plm_matched_cv,
POSR01_0842,1,positive_core,yes,yes,no,embedding_and_formal_plm_matched_cv,
POSR01_0064,1,positive_core,yes,yes,no,embedding_and_formal_plm_matched_cv,
POSR01_0010,1,positive_core,yes,yes,no,embedding_and_formal_plm_matched_cv,
POSR01_0524,1,positive_core,yes,yes,no,embedding_and_formal_plm_matched_cv,
POSR01_0593,1,positive_core,yes,yes,no,embedding_and_formal_plm_matched_cv,
POSR01_0762,1,positive_core,yes,yes,no,embedding_and_formal_plm_matched_cv,
POSR01_0099,1,positive_core,yes,yes,no,embedding_and_formal_plm_matched_cv,
POSR01_0136,1,positive_core,yes,yes,no,embedding_and_formal_plm_matched_cv,
POSR01_0377,1,positive_core,yes,yes,no,embedding_and_formal_plm_matched_cv,
POSR01_0146,1,positive_core,yes,yes,no,embedding_and_formal_plm_matched_cv,
POSR01_0800,1,positive_core,yes,yes,no,embedding_and_formal_plm_matched_cv,
POSR01_0464,1,positive_core,yes,yes,no,embedding_and_formal_plm_matched_cv,
POSR01_0155,1,positive_core,yes,yes,no,embedding_and_formal_plm_matched_cv,
POSR01_0618,1,positive_core,yes,yes,no,embedding_and_formal_plm_matched_cv,
POSR01_0741,1,positive_core,yes,yes,no,embedding_and_formal_plm_matched_cv,
POSR01_0066,1,positive_core,yes,yes,no,embedding_and_formal_plm_matched_cv,
POSR01_0163,1,positive_core,yes,yes,no,embedding_and_formal_plm_matched_cv,
POSR01_0786,1,positive_core,yes,yes,no,embedding_and_formal_plm_matched_cv,
POSR01_0597,1,positive_core,yes,yes,no,embedding_and_formal_plm_matched_cv,
POSR01_0611,1,positive_core,yes,yes,no,embedding_and_formal_plm_matched_cv,
POSR01_0140,1,positive_core,yes,yes,no,embedding_and_formal_plm_matched_cv,
POSR01_0427,1,positive_core,yes,yes,no,embedding_and_formal_plm_matched_cv,
POSR01_0126,1,positive_core,yes,yes,no,embedding_and_formal_plm_matched_cv,
POSR01_0410,1,positive_core,yes,yes,no,embedding_and_formal_plm_matched_cv,
POSR01_0087,1,positive_core,yes,yes,no,embedding_and_formal_plm_matched_cv,
POSR01_0587,1,positive_core,yes,yes,no,embedding_and_formal_plm_matched_cv,
POSR01_0699,1,positive_core,yes,yes,no,embedding_and_formal_plm_matched_cv,
POSR01_0067,1,positive_core,yes,yes,no,embedding_and_formal_plm_matched_cv,
POSR01_0092,1,positive_core,yes,yes,no,embedding_and_formal_plm_matched_cv,
POSR01_0559,1,positive_core,yes,yes,no,embedding_and_formal_plm_matched_cv,
POSR01_0814,1,positive_core,yes,yes,no,embedding_and_formal_plm_matched_cv,
POSR01_0011,1,positive_core,yes,yes,no,embedding_and_formal_plm_matched_cv,
POSR01_0036,1,positive_core,yes,yes,no,embedding_and_formal_plm_matched_cv,
POSR01_0252,1,positive_core,yes,yes,no,embedding_and_formal_plm_matched_cv,
POSR01_0031,1,positive_core,yes,yes,no,embedding_and_formal_plm_matched_cv,
POSR01_0346,1,positive_core,yes,yes,no,embedding_and_formal_plm_matched_cv,
POSR01_0142,1,positive_core,yes,yes,no,embedding_and_formal_plm_matched_cv,
POSR01_0318,1,positive_core,yes,yes,no,embedding_and_formal_plm_matched_cv,
POSR01_0326,1,positive_core,yes,yes,no,embedding_and_formal_plm_matched_cv,
POSR01_0232,1,positive_core,yes,yes,no,embedding_and_formal_plm_matched_cv,
POSR01_0288,1,positive_core,yes,yes,no,embedding_and_formal_plm_matched_cv,
POSR01_0057,1,positive_core,yes,yes,no,embedding_and_formal_plm_matched_cv,
POSR01_0044,1,positive_core,yes,yes,no,embedding_and_formal_plm_matched_cv,
POSR01_0530,1,positive_core,yes,yes,no,embedding_and_formal_plm_matched_cv,
POSR01_0342,1,positive_core,yes,yes,no,embedding_and_formal_plm_matched_cv,
POSR01_0012,1,positive_core,yes,yes,no,embedding_and_formal_plm_matched_cv,
POSR01_0274,1,positive_core,yes,yes,no,embedding_and_formal_plm_matched_cv,
POSR01_0200,1,positive_core,yes,yes,no,embedding_and_formal_plm_matched_cv,
POSR01_0138,1,positive_core,yes,yes,no,embedding_and_formal_plm_matched_cv,
POSR01_0303,1,positive_core,yes,yes,no,embedding_and_formal_plm_matched_cv,
POSR01_0234,1,positive_core,yes,yes,no,embedding_and_formal_plm_matched_cv,
POSR01_0580,1,positive_core,yes,yes,no,embedding_and_formal_plm_matched_cv,
POSR01_0270,1,positive_core,yes,yes,no,embedding_and_formal_plm_matched_cv,
POSR01_0771,1,positive_core,yes,yes,no,embedding_and_formal_plm_matched_cv,
POSR01_0241,1,positive_core,yes,yes,no,embedding_and_formal_plm_matched_cv,
POSR01_0145,1,positive_core,yes,yes,no,embedding_and_formal_plm_matched_cv,
POSR01_0180,1,positive_core,yes,yes,no,embedding_and_formal_plm_matched_cv,
POSR01_0810,1,positive_core,yes,yes,no,embedding_and_formal_plm_matched_cv,
POSR01_0313,1,positive_core,yes,yes,no,embedding_and_formal_plm_matched_cv,
POSR01_0112,1,positive_core,yes,yes,no,embedding_and_formal_plm_matched_cv,
POSR01_0093,1,positive_core,yes,yes,no,embedding_and_formal_plm_matched_cv,
POSR01_0774,1,positive_core,yes,yes,no,embedding_and_formal_plm_matched_cv,
POSR01_0032,1,positive_core,yes,yes,no,embedding_and_formal_plm_matched_cv,
POSR01_0370,1,positive_core,yes,yes,no,embedding_and_formal_plm_matched_cv,
POSR01_0849,1,positive_core,yes,yes,no,embedding_and_formal_plm_matched_cv,
POSR01_0787,1,positive_core,yes,yes,no,embedding_and_formal_plm_matched_cv,
POSR01_0638,1,positive_core,yes,yes,no,embedding_and_formal_plm_matched_cv,
POSR01_0658,1,positive_core,yes,yes,no,embedding_and_formal_plm_matched_cv,
POSR01_0304,1,positive_core,yes,yes,no,embedding_and_formal_plm_matched_cv,
POSR01_0051,1,positive_core,yes,yes,no,embedding_and_formal_plm_matched_cv,
POSR01_0575,1,positive_core,yes,yes,no,embedding_and_formal_plm_matched_cv,
POSR01_0868,1,positive_core,yes,yes,no,embedding_and_formal_plm_matched_cv,
POSR01_0497,1,positive_core,yes,yes,no,embedding_and_formal_plm_matched_cv,
POSR01_0437,1,positive_core,yes,yes,no,embedding_and_formal_plm_matched_cv,
POSR01_0360,1,positive_core,yes,yes,no,embedding_and_formal_plm_matched_cv,
POSR01_0449,1,positive_core,yes,yes,no,embedding_and_formal_plm_matched_cv,
POSR01_0105,1,positive_core,yes,yes,no,embedding_and_formal_plm_matched_cv,
POSR01_0525,1,positive_core,yes,yes,no,embedding_and_formal_plm_matched_cv,
POSR01_0076,1,positive_core,yes,yes,no,embedding_and_formal_plm_matched_cv,
POSR01_0703,1,positive_core,yes,yes,no,embedding_and_formal_plm_matched_cv,
POSR01_0826,1,positive_core,yes,yes,no,embedding_and_formal_plm_matched_cv,
POSR01_0877,1,positive_core,yes,yes,no,embedding_and_formal_plm_matched_cv,
POSR01_0428,1,positive_core,yes,yes,no,embedding_and_formal_plm_matched_cv,
POSR01_0425,1,positive_core,yes,yes,no,embedding_and_formal_plm_matched_cv,
POSR01_0127,1,positive_core,yes,yes,no,embedding_and_formal_plm_matched_cv,
POSR01_0558,1,positive_core,yes,yes,no,embedding_and_formal_plm_matched_cv,
POSR01_0514,1,positive_core,yes,yes,no,embedding_and_formal_plm_matched_cv,
POSR01_0701,1,positive_core,yes,yes,no,embedding_and_formal_plm_matched_cv,
POSR01_0875,1,positive_core,yes,yes,no,embedding_and_formal_plm_matched_cv,
POSR01_0852,1,positive_core,yes,yes,no,embedding_and_formal_plm_matched_cv,
POSR01_0079,1,positive_core,yes,yes,no,embedding_and_formal_plm_matched_cv,
POSR01_0077,1,positive_core,yes,yes,no,embedding_and_formal_plm_matched_cv,
POSR01_0548,1,positive_core,yes,yes,no,embedding_and_formal_plm_matched_cv,
POSR01_0300,1,positive_core,yes,yes,no,embedding_and_formal_plm_matched_cv,
POSR01_0695,1,positive_core,yes,yes,no,embedding_and_formal_plm_matched_cv,
POSR01_0314,1,positive_core,yes,yes,no,embedding_and_formal_plm_matched_cv,
POSR01_0166,1,positive_core,yes,yes,no,embedding_and_formal_plm_matched_cv,
POSR01_0357,1,positive_core,yes,yes,no,embedding_and_formal_plm_matched_cv,
POSR01_0049,1,positive_core,yes,yes,no,embedding_and_formal_plm_matched_cv,
POSR01_0713,1,positive_core,yes,yes,no,embedding_and_formal_plm_matched_cv,
POSR01_0876,1,positive_core,yes,yes,no,embedding_and_formal_plm_matched_cv,
POSR01_0408,1,positive_core,yes,yes,no,embedding_and_formal_plm_matched_cv,
POSR01_0721,1,positive_core,yes,yes,no,embedding_and_formal_plm_matched_cv,
POSR01_0642,1,positive_core,yes,yes,no,embedding_and_formal_plm_matched_cv,
POSR01_0325,1,positive_core,yes,yes,no,embedding_and_formal_plm_matched_cv,
POSR01_0120,1,positive_core,yes,yes,no,embedding_and_formal_plm_matched_cv,
POSR01_0568,1,positive_core,yes,yes,no,embedding_and_formal_plm_matched_cv,
POSR01_0631,1,positive_core,yes,yes,no,embedding_and_formal_plm_matched_cv,
POSR01_0158,1,positive_core,yes,yes,no,embedding_and_formal_plm_matched_cv,
POSR01_0298,1,positive_core,yes,yes,no,embedding_and_formal_plm_matched_cv,
POSR01_0486,1,positive_core,yes,yes,no,embedding_and_formal_plm_matched_cv,
POSR01_0409,1,positive_core,yes,yes,no,embedding_and_formal_plm_matched_cv,
POSR01_0224,1,positive_core,yes,yes,no,embedding_and_formal_plm_matched_cv,
POSR01_0026,1,positive_core,yes,yes,no,embedding_and_formal_plm_matched_cv,
POSR01_0246,1,positive_core,yes,yes,no,embedding_and_formal_plm_matched_cv,
POSR01_0502,1,positive_core,yes,yes,no,embedding_and_formal_plm_matched_cv,
POSR01_0286,1,positive_core,yes,yes,no,embedding_and_formal_plm_matched_cv,
POSR01_0661,1,positive_core,yes,yes,no,embedding_and_formal_plm_matched_cv,
POSR01_0082,1,positive_core,yes,yes,no,embedding_and_formal_plm_matched_cv,
POSR01_0419,1,positive_core,yes,yes,no,embedding_and_formal_plm_matched_cv,
POSR01_0390,1,positive_core,yes,yes,no,embedding_and_formal_plm_matched_cv,
POSR01_0709,1,positive_core,yes,yes,no,embedding_and_formal_plm_matched_cv,
POSR01_0727,1,positive_core,yes,yes,no,embedding_and_formal_plm_matched_cv,
POSR01_0272,1,positive_core,yes,yes,no,embedding_and_formal_plm_matched_cv,
POSR01_0168,1,positive_core,yes,yes,no,embedding_and_formal_plm_matched_cv,
POSR01_0354,1,positive_core,yes,yes,no,embedding_and_formal_plm_matched_cv,
POSR01_0081,1,positive_core,yes,yes,no,embedding_and_formal_plm_matched_cv,
POSR01_0154,1,positive_core,yes,yes,no,embedding_and_formal_plm_matched_cv,
POSR01_0887,1,positive_core,yes,yes,no,embedding_and_formal_plm_matched_cv,
POSR01_0330,1,positive_core,yes,yes,no,embedding_and_formal_plm_matched_cv,
POSR01_0841,1,positive_core,yes,yes,no,embedding_and_formal_plm_matched_cv,
POSR01_0784,1,positive_core,yes,yes,no,embedding_and_formal_plm_matched_cv,
POSR01_0576,1,positive_core,yes,yes,no,embedding_and_formal_plm_matched_cv,
POSR01_0059,1,positive_core,yes,yes,no,embedding_and_formal_plm_matched_cv,
POSR01_0624,1,positive_core,yes,yes,no,embedding_and_formal_plm_matched_cv,
POSR01_0652,1,positive_core,yes,yes,no,embedding_and_formal_plm_matched_cv,
POSR01_0656,1,positive_core,yes,yes,no,embedding_and_formal_plm_matched_cv,
POSR01_0767,1,positive_core,yes,yes,no,embedding_and_formal_plm_matched_cv,
POSR01_0890,1,positive_core,yes,yes,no,embedding_and_formal_plm_matched_cv,
POSR01_0537,1,positive_core,yes,yes,no,embedding_and_formal_plm_matched_cv,
POSR01_0515,1,positive_core,yes,yes,no,embedding_and_formal_plm_matched_cv,
POSR01_0293,1,positive_core,yes,yes,no,embedding_and_formal_plm_matched_cv,
POSR01_0432,1,positive_core,yes,yes,no,embedding_and_formal_plm_matched_cv,
POSR01_0189,1,positive_core,yes,yes,no,embedding_and_formal_plm_matched_cv,
POSR01_0416,1,positive_core,yes,yes,no,embedding_and_formal_plm_matched_cv,
POSR01_0745,1,positive_core,yes,yes,no,embedding_and_formal_plm_matched_cv,
POSR01_0547,1,positive_core,yes,yes,no,embedding_and_formal_plm_matched_cv,
POSR01_0569,1,positive_core,yes,yes,no,embedding_and_formal_plm_matched_cv,
POSR01_0308,1,positive_core,yes,yes,no,embedding_and_formal_plm_matched_cv,
POSR01_0821,1,positive_core,yes,yes,no,embedding_and_formal_plm_matched_cv,
POSR01_0772,1,positive_core,yes,yes,no,embedding_and_formal_plm_matched_cv,
POSR01_0509,1,positive_core,yes,yes,no,embedding_and_formal_plm_matched_cv,
POSR01_0375,1,positive_core,yes,yes,no,embedding_and_formal_plm_matched_cv,
POSR01_0415,1,positive_core,yes,yes,no,embedding_and_formal_plm_matched_cv,
POSR01_0702,1,positive_core,yes,yes,no,embedding_and_formal_plm_matched_cv,
POSR01_0294,1,positive_core,yes,yes,no,embedding_and_formal_plm_matched_cv,
POSR01_0068,1,positive_core,yes,yes,no,embedding_and_formal_plm_matched_cv,
POSR01_0414,1,positive_core,yes,yes,no,embedding_and_formal_plm_matched_cv,
POSR01_0510,1,positive_core,yes,yes,no,embedding_and_formal_plm_matched_cv,
POSR01_0828,1,positive_core,yes,yes,no,embedding_and_formal_plm_matched_cv,
POSR01_0723,1,positive_core,yes,yes,no,embedding_and_formal_plm_matched_cv,
POSR01_0834,1,positive_core,yes,yes,no,embedding_and_formal_plm_matched_cv,
POSR01_0393,1,positive_core,yes,yes,no,embedding_and_formal_plm_matched_cv,
POSR01_0261,1,positive_core,yes,yes,no,embedding_and_formal_plm_matched_cv,
POSR01_0156,1,positive_core,yes,yes,no,embedding_and_formal_plm_matched_cv,
POSR01_0056,1,positive_core,yes,yes,no,embedding_and_formal_plm_matched_cv,
POSR01_0715,1,positive_core,yes,yes,no,embedding_and_formal_plm_matched_cv,
POSR01_0667,1,positive_core,yes,yes,no,embedding_and_formal_plm_matched_cv,
POSR01_0024,1,positive_core,yes,yes,no,embedding_and_formal_plm_matched_cv,
POSR01_0137,1,positive_core,yes,yes,no,embedding_and_formal_plm_matched_cv,
POSR01_0889,1,positive_core,yes,yes,no,embedding_and_formal_plm_matched_cv,
POSR01_0621,1,positive_core,yes,yes,no,embedding_and_formal_plm_matched_cv,
POSR01_0478,1,positive_core,yes,yes,no,embedding_and_formal_plm_matched_cv,
POSR01_0281,1,positive_core,yes,yes,no,embedding_and_formal_plm_matched_cv,
POSR01_0765,1,positive_core,yes,yes,no,embedding_and_formal_plm_matched_cv,
POSR01_0738,1,positive_core,yes,yes,no,embedding_and_formal_plm_matched_cv,
POSR01_0117,1,positive_core,yes,yes,no,embedding_and_formal_plm_matched_cv,
POSR01_0407,1,positive_core,yes,yes,no,embedding_and_formal_plm_matched_cv,
POSR01_0226,1,positive_core,yes,yes,no,embedding_and_formal_plm_matched_cv,
POSR01_0411,1,positive_core,yes,yes,no,embedding_and_formal_plm_matched_cv,
POSR01_0856,1,positive_core,yes,yes,no,embedding_and_formal_plm_matched_cv,
POSR01_0896,1,positive_core,yes,yes,no,embedding_and_formal_plm_matched_cv,
POSR01_0601,1,positive_core,yes,yes,no,embedding_and_formal_plm_matched_cv,
POSR01_0724,1,positive_core,yes,yes,no,embedding_and_formal_plm_matched_cv,
POSR01_0857,1,positive_core,yes,yes,no,embedding_and_formal_plm_matched_cv,
POSR01_0607,1,positive_core,yes,yes,no,embedding_and_formal_plm_matched_cv,
POSR01_0535,1,positive_core,yes,yes,no,embedding_and_formal_plm_matched_cv,
POSR01_0426,1,positive_core,yes,yes,no,embedding_and_formal_plm_matched_cv,
POSR01_0358,1,positive_core,yes,yes,no,embedding_and_formal_plm_matched_cv,
POSR01_0850,1,positive_core,yes,yes,no,embedding_and_formal_plm_matched_cv,
POSR01_0033,1,positive_core,yes,yes,no,embedding_and_formal_plm_matched_cv,
POSR01_0546,1,positive_core,yes,yes,no,embedding_and_formal_plm_matched_cv,
POSR01_0366,1,positive_core,yes,yes,no,embedding_and_formal_plm_matched_cv,
POSR01_0648,1,positive_core,yes,yes,no,embedding_and_formal_plm_matched_cv,
POSR01_0421,1,positive_core,yes,yes,no,embedding_and_formal_plm_matched_cv,
POSR01_0395,1,positive_core,yes,yes,no,embedding_and_formal_plm_matched_cv,
POSR01_0228,1,positive_core,yes,yes,no,embedding_and_formal_plm_matched_cv,
POSR01_0332,1,positive_core,yes,yes,no,embedding_and_formal_plm_matched_cv,
POSR01_0893,1,positive_core,yes,yes,no,embedding_and_formal_plm_matched_cv,
POSR01_0471,1,positive_core,yes,yes,no,embedding_and_formal_plm_matched_cv,
POSR01_0758,1,positive_core,yes,yes,no,embedding_and_formal_plm_matched_cv,
POSR01_0350,1,positive_core,yes,yes,no,embedding_and_formal_plm_matched_cv,
POSR01_0295,1,positive_core,yes,yes,no,embedding_and_formal_plm_matched_cv,
POSR01_0322,1,positive_core,yes,yes,no,embedding_and_formal_plm_matched_cv,
POSR01_0473,1,positive_core,yes,yes,no,embedding_and_formal_plm_matched_cv,
POSR01_0339,1,positive_core,yes,yes,no,embedding_and_formal_plm_matched_cv,
POSR01_0614,1,positive_core,yes,yes,no,embedding_and_formal_plm_matched_cv,
POSR01_0175,1,positive_core,yes,yes,no,embedding_and_formal_plm_matched_cv,
POSR01_0111,1,positive_core,yes,yes,no,embedding_and_formal_plm_matched_cv,
POSR01_0379,1,positive_core,yes,yes,no,embedding_and_formal_plm_matched_cv,
POSR01_0080,1,positive_core,yes,yes,no,embedding_and_formal_plm_matched_cv,
POSR01_0106,1,positive_core,yes,yes,no,embedding_and_formal_plm_matched_cv,
POSR01_0050,1,positive_core,yes,yes,no,embedding_and_formal_plm_matched_cv,
POSR01_0062,1,positive_core,yes,yes,no,embedding_and_formal_plm_matched_cv,
POSR01_0100,1,positive_core,yes,yes,no,embedding_and_formal_plm_matched_cv,
POSR01_0115,1,positive_core,yes,yes,no,embedding_and_formal_plm_matched_cv,
POSR01_0042,1,positive_core,yes,yes,no,embedding_and_formal_plm_matched_cv,
POSR01_0260,1,positive_core,yes,yes,no,embedding_and_formal_plm_matched_cv,
POSR01_0640,1,positive_core,yes,yes,no,embedding_and_formal_plm_matched_cv,
POSR01_0505,1,positive_core,yes,yes,no,embedding_and_formal_plm_matched_cv,
POSR01_0732,1,positive_core,yes,yes,no,embedding_and_formal_plm_matched_cv,
POSR01_0734,1,positive_core,yes,yes,no,embedding_and_formal_plm_matched_cv,
POSR01_0208,1,positive_core,yes,yes,no,embedding_and_formal_plm_matched_cv,
POSR01_0119,1,positive_core,yes,yes,no,embedding_and_formal_plm_matched_cv,
POSR01_0645,1,positive_core,yes,yes,no,embedding_and_formal_plm_matched_cv,
POSR01_0582,1,positive_core,yes,yes,no,embedding_and_formal_plm_matched_cv,
POSR01_0182,1,positive_core,yes,yes,no,embedding_and_formal_plm_matched_cv,
POSR01_0275,1,positive_core,yes,yes,no,embedding_and_formal_plm_matched_cv,
POSR01_0181,1,positive_core,yes,yes,no,embedding_and_formal_plm_matched_cv,
POSR01_0472,1,positive_core,yes,yes,no,embedding_and_formal_plm_matched_cv,
POSR01_0121,1,positive_core,yes,yes,no,embedding_and_formal_plm_matched_cv,
POSR01_0176,1,positive_core,yes,yes,no,embedding_and_formal_plm_matched_cv,
POSR01_0353,1,positive_core,yes,yes,no,embedding_and_formal_plm_matched_cv,
POSR01_0872,1,positive_core,yes,yes,no,embedding_and_formal_plm_matched_cv,
POSR01_0233,1,positive_core,yes,yes,no,embedding_and_formal_plm_matched_cv,
POSR01_0265,1,positive_core,yes,yes,no,embedding_and_formal_plm_matched_cv,
POSR01_0674,1,positive_core,yes,yes,no,embedding_and_formal_plm_matched_cv,
POSR01_0864,1,positive_core,yes,yes,no,embedding_and_formal_plm_matched_cv,
POSR01_0203,1,positive_core,yes,yes,no,embedding_and_formal_plm_matched_cv,
POSR01_0017,1,positive_core,yes,yes,no,embedding_and_formal_plm_matched_cv,
POSR01_0557,1,positive_core,yes,yes,no,embedding_and_formal_plm_matched_cv,
POSR01_0898,1,positive_core,yes,yes,no,embedding_and_formal_plm_matched_cv,
POSR01_0133,1,positive_core,yes,yes,no,embedding_and_formal_plm_matched_cv,
POSR01_0179,1,positive_core,yes,yes,no,embedding_and_formal_plm_matched_cv,
POSR01_0280,1,positive_core,yes,yes,no,embedding_and_formal_plm_matched_cv,
POSR01_0833,1,positive_core,yes,yes,no,embedding_and_formal_plm_matched_cv,
POSR01_0372,1,positive_core,yes,yes,no,embedding_and_formal_plm_matched_cv,
POSR01_0381,1,positive_core,yes,yes,no,embedding_and_formal_plm_matched_cv,
POSR01_0466,1,positive_core,yes,yes,no,embedding_and_formal_plm_matched_cv,
POSR01_0317,1,positive_core,yes,yes,no,embedding_and_formal_plm_matched_cv,
POSR01_0604,1,positive_core,yes,yes,no,embedding_and_formal_plm_matched_cv,
POSR01_0565,1,positive_core,yes,yes,no,embedding_and_formal_plm_matched_cv,
POSR01_0157,1,positive_core,yes,yes,no,embedding_and_formal_plm_matched_cv,
POSR01_0718,1,positive_core,yes,yes,no,embedding_and_formal_plm_matched_cv,
POSR01_0692,1,positive_core,yes,yes,no,embedding_and_formal_plm_matched_cv,
POSR01_0840,1,positive_core,yes,yes,no,embedding_and_formal_plm_matched_cv,
POSR01_0858,1,positive_core,yes,yes,no,embedding_and_formal_plm_matched_cv,
POSR01_0848,1,positive_core,yes,yes,no,embedding_and_formal_plm_matched_cv,
POSR01_0296,1,positive_core,yes,yes,no,embedding_and_formal_plm_matched_cv,
POSR01_0227,1,positive_core,yes,yes,no,embedding_and_formal_plm_matched_cv,
POSR01_0777,1,positive_core,yes,yes,no,embedding_and_formal_plm_matched_cv,
POSR01_0873,1,positive_core,yes,yes,no,embedding_and_formal_plm_matched_cv,
POSR01_0075,1,positive_core,yes,yes,no,embedding_and_formal_plm_matched_cv,
POSR01_0793,1,positive_core,yes,yes,no,embedding_and_formal_plm_matched_cv,
POSR01_0538,1,positive_core,yes,yes,no,embedding_and_formal_plm_matched_cv,
POSR01_0829,1,positive_core,yes,yes,no,embedding_and_formal_plm_matched_cv,
POSR01_0027,1,positive_core,yes,yes,no,embedding_and_formal_plm_matched_cv,
POSR01_0387,1,positive_core,yes,yes,no,embedding_and_formal_plm_matched_cv,
POSR01_0348,1,positive_core,yes,yes,no,embedding_and_formal_plm_matched_cv,
POSR01_0430,1,positive_core,yes,yes,no,embedding_and_formal_plm_matched_cv,
POSR01_0503,1,positive_core,yes,yes,no,embedding_and_formal_plm_matched_cv,
POSR01_0451,1,positive_core,yes,yes,no,embedding_and_formal_plm_matched_cv,
POSR01_0391,1,positive_core,yes,yes,no,embedding_and_formal_plm_matched_cv,
POSR01_0335,1,positive_core,yes,yes,no,embedding_and_formal_plm_matched_cv,
POSR01_0041,1,positive_core,yes,yes,no,embedding_and_formal_plm_matched_cv,
POSR01_0206,1,positive_core,yes,yes,no,embedding_and_formal_plm_matched_cv,
POSR01_0005,1,positive_core,yes,yes,no,embedding_and_formal_plm_matched_cv,
POSR01_0561,1,positive_core,yes,yes,no,embedding_and_formal_plm_matched_cv,
POSR01_0562,1,positive_core,yes,yes,no,embedding_and_formal_plm_matched_cv,
POSR01_0749,1,positive_core,yes,yes,no,embedding_and_formal_plm_matched_cv,
POSR01_0107,1,positive_core,yes,yes,no,embedding_and_formal_plm_matched_cv,
POSR01_0209,1,positive_core,yes,yes,no,embedding_and_formal_plm_matched_cv,
POSR01_0184,1,positive_core,yes,yes,no,embedding_and_formal_plm_matched_cv,
POSR01_0267,1,positive_core,yes,yes,no,embedding_and_formal_plm_matched_cv,
POSR01_0886,1,positive_core,yes,yes,no,embedding_and_formal_plm_matched_cv,
POSR01_0134,1,positive_core,yes,yes,no,embedding_and_formal_plm_matched_cv,
POSR01_0779,1,positive_core,yes,yes,no,embedding_and_formal_plm_matched_cv,
POSR01_0843,1,positive_core,yes,yes,no,embedding_and_formal_plm_matched_cv,
POSR01_0791,1,positive_core,yes,yes,no,embedding_and_formal_plm_matched_cv,
POSR01_0071,1,positive_core,yes,yes,no,embedding_and_formal_plm_matched_cv,
POSR01_0719,1,positive_core,yes,yes,no,embedding_and_formal_plm_matched_cv,
POSR01_0253,1,positive_core,yes,yes,no,embedding_and_formal_plm_matched_cv,
POSR01_0484,1,positive_core,yes,yes,no,embedding_and_formal_plm_matched_cv,
POSR01_0016,1,positive_core,yes,yes,no,embedding_and_formal_plm_matched_cv,
POSR01_0632,1,positive_core,yes,yes,no,embedding_and_formal_plm_matched_cv,
POSR01_0373,1,positive_core,yes,yes,no,embedding_and_formal_plm_matched_cv,
POSR01_0865,1,positive_core,yes,yes,no,embedding_and_formal_plm_matched_cv,
POSR01_0376,1,positive_core,yes,yes,no,embedding_and_formal_plm_matched_cv,
POSR01_0798,1,positive_core,yes,yes,no,embedding_and_formal_plm_matched_cv,
POSR01_0205,1,positive_core,yes,yes,no,embedding_and_formal_plm_matched_cv,
POSR01_0341,1,positive_core,yes,yes,no,embedding_and_formal_plm_matched_cv,
POSR01_0048,1,positive_core,yes,yes,no,embedding_and_formal_plm_matched_cv,
POSR01_0278,1,positive_core,yes,yes,no,embedding_and_formal_plm_matched_cv,
POSR01_0160,1,positive_core,yes,yes,no,embedding_and_formal_plm_matched_cv,
POSR01_0344,1,positive_core,yes,yes,no,embedding_and_formal_plm_matched_cv,
POSR01_0617,1,positive_core,yes,yes,no,embedding_and_formal_plm_matched_cv,
POSR01_0768,1,positive_core,yes,yes,no,embedding_and_formal_plm_matched_cv,
POSR01_0554,1,positive_core,yes,yes,no,embedding_and_formal_plm_matched_cv,
POSR01_0883,1,positive_core,yes,yes,no,embedding_and_formal_plm_matched_cv,
POSR01_0282,1,positive_core,yes,yes,no,embedding_and_formal_plm_matched_cv,
POSR01_0487,1,positive_core,yes,yes,no,embedding_and_formal_plm_matched_cv,
POSR01_0336,1,positive_core,yes,yes,no,embedding_and_formal_plm_matched_cv,
POSR01_0757,1,positive_core,yes,yes,no,embedding_and_formal_plm_matched_cv,
POSR01_0152,1,positive_core,yes,yes,no,embedding_and_formal_plm_matched_cv,
POSR01_0320,1,positive_core,yes,yes,no,embedding_and_formal_plm_matched_cv,
POSR01_0616,1,positive_core,yes,yes,no,embedding_and_formal_plm_matched_cv,
POSR01_0343,1,positive_core,yes,yes,no,embedding_and_formal_plm_matched_cv,
POSR01_0378,1,positive_core,yes,yes,no,embedding_and_formal_plm_matched_cv,
POSR01_0413,1,positive_core,yes,yes,no,embedding_and_formal_plm_matched_cv,
POSR01_0790,1,positive_core,yes,yes,no,embedding_and_formal_plm_matched_cv,
POSR01_0171,1,positive_core,yes,yes,no,embedding_and_formal_plm_matched_cv,
POSR01_0190,1,positive_core,yes,yes,no,embedding_and_formal_plm_matched_cv,
POSR01_0385,1,positive_core,yes,yes,no,embedding_and_formal_plm_matched_cv,
POSR01_0831,1,positive_core,yes,yes,no,embedding_and_formal_plm_matched_cv,
POSR01_0853,1,positive_core,yes,yes,no,embedding_and_formal_plm_matched_cv,
POSR01_0028,1,positive_core,yes,yes,no,embedding_and_formal_plm_matched_cv,
POSR01_0549,1,positive_core,yes,yes,no,embedding_and_formal_plm_matched_cv,
POSR01_0444,1,positive_core,yes,yes,no,embedding_and_formal_plm_matched_cv,
POSR01_0598,1,positive_core,yes,yes,no,embedding_and_formal_plm_matched_cv,
POSR01_0736,1,positive_core,yes,yes,no,embedding_and_formal_plm_matched_cv,
POSR01_0299,1,positive_core,yes,yes,no,embedding_and_formal_plm_matched_cv,
POSR01_0770,1,positive_core,yes,yes,no,embedding_and_formal_plm_matched_cv,
POSR01_0450,1,positive_core,yes,yes,no,embedding_and_formal_plm_matched_cv,
POSR01_0747,1,positive_core,yes,yes,no,embedding_and_formal_plm_matched_cv,
POSR01_0135,1,positive_core,yes,yes,no,embedding_and_formal_plm_matched_cv,
POSR01_0239,1,positive_core,yes,yes,no,embedding_and_formal_plm_matched_cv,
POSR01_0301,1,positive_core,yes,yes,no,embedding_and_formal_plm_matched_cv,
POSR01_0668,1,positive_core,yes,yes,no,embedding_and_formal_plm_matched_cv,
POSR01_0249,1,positive_core,yes,yes,no,embedding_and_formal_plm_matched_cv,
POSR01_0268,1,positive_core,yes,yes,no,embedding_and_formal_plm_matched_cv,
POSR01_0521,1,positive_core,yes,yes,no,embedding_and_formal_plm_matched_cv,
POSR01_0457,1,positive_core,yes,yes,no,embedding_and_formal_plm_matched_cv,
POSR01_0025,1,positive_core,yes,yes,no,embedding_and_formal_plm_matched_cv,
POSR01_0125,1,positive_core,yes,yes,no,embedding_and_formal_plm_matched_cv,
POSR01_0545,1,positive_core,yes,yes,no,embedding_and_formal_plm_matched_cv,
POSR01_0495,1,positive_core,yes,yes,no,embedding_and_formal_plm_matched_cv,
POSR01_0130,1,positive_core,yes,yes,no,embedding_and_formal_plm_matched_cv,
POSR01_0717,1,positive_core,yes,yes,no,embedding_and_formal_plm_matched_cv,
POSR01_0384,1,positive_core,yes,yes,no,embedding_and_formal_plm_matched_cv,
POSR01_0815,1,positive_core,yes,yes,no,embedding_and_formal_plm_matched_cv,
POSR01_0693,1,positive_core,yes,yes,no,embedding_and_formal_plm_matched_cv,
POSR01_0263,1,positive_core,yes,yes,no,embedding_and_formal_plm_matched_cv,
POSR01_0147,1,positive_core,yes,yes,no,embedding_and_formal_plm_matched_cv,
POSR01_0483,1,positive_core,yes,yes,no,embedding_and_formal_plm_matched_cv,
POSR01_0845,1,positive_core,yes,yes,no,embedding_and_formal_plm_matched_cv,
POSR01_0446,1,positive_core,yes,yes,no,embedding_and_formal_plm_matched_cv,
POSR01_0337,1,positive_core,yes,yes,no,embedding_and_formal_plm_matched_cv,
POSR01_0359,1,positive_core,yes,yes,no,embedding_and_formal_plm_matched_cv,
POSR01_0461,1,positive_core,yes,yes,no,embedding_and_formal_plm_matched_cv,
POSR01_0307,1,positive_core,yes,yes,no,embedding_and_formal_plm_matched_cv,
POSR01_0706,1,positive_core,yes,yes,no,embedding_and_formal_plm_matched_cv,
POSR01_0482,1,positive_core,yes,yes,no,embedding_and_formal_plm_matched_cv,
POSR01_0251,1,positive_core,yes,yes,no,embedding_and_formal_plm_matched_cv,
POSR01_0805,1,positive_core,yes,yes,no,embedding_and_formal_plm_matched_cv,
POSR01_0088,1,positive_core,yes,yes,no,embedding_and_formal_plm_matched_cv,
POSR01_0608,1,positive_core,yes,yes,no,embedding_and_formal_plm_matched_cv,
POSR01_0636,1,positive_core,yes,yes,no,embedding_and_formal_plm_matched_cv,
POSR01_0368,1,positive_core,yes,yes,no,embedding_and_formal_plm_matched_cv,
POSR01_0235,1,positive_core,yes,yes,no,embedding_and_formal_plm_matched_cv,
POSR01_0714,1,positive_core,yes,yes,no,embedding_and_formal_plm_matched_cv,
POSR01_0434,1,positive_core,yes,yes,no,embedding_and_formal_plm_matched_cv,
POSR01_0596,1,positive_core,yes,yes,no,embedding_and_formal_plm_matched_cv,
POSR01_0691,1,positive_core,yes,yes,no,embedding_and_formal_plm_matched_cv,
POSR01_0654,1,positive_core,yes,yes,no,embedding_and_formal_plm_matched_cv,
POSR01_0605,1,positive_core,yes,yes,no,embedding_and_formal_plm_matched_cv,
POSR01_0789,1,positive_core,yes,yes,no,embedding_and_formal_plm_matched_cv,
POSR01_0143,1,positive_core,yes,yes,no,embedding_and_formal_plm_matched_cv,
POSR01_0255,1,positive_core,yes,yes,no,embedding_and_formal_plm_matched_cv,
POSR01_0178,1,positive_core,yes,yes,no,embedding_and_formal_plm_matched_cv,
POSR01_0327,1,positive_core,yes,yes,no,embedding_and_formal_plm_matched_cv,
POSR01_0412,1,positive_core,yes,yes,no,embedding_and_formal_plm_matched_cv,
POSR01_0102,1,positive_core,yes,yes,no,embedding_and_formal_plm_matched_cv,
POSR01_0643,1,positive_core,yes,yes,no,embedding_and_formal_plm_matched_cv,
POSR01_0237,1,positive_core,yes,yes,no,embedding_and_formal_plm_matched_cv,
POSR01_0001,1,positive_core,yes,yes,no,embedding_and_formal_plm_matched_cv,
POSR01_0579,1,positive_core,yes,yes,no,embedding_and_formal_plm_matched_cv,
POSR01_0870,1,positive_core,yes,yes,no,embedding_and_formal_plm_matched_cv,
POSR01_0744,1,positive_core,yes,yes,no,embedding_and_formal_plm_matched_cv,
POSR01_0574,1,positive_core,yes,yes,no,embedding_and_formal_plm_matched_cv,
POSR01_0851,1,positive_core,yes,yes,no,embedding_and_formal_plm_matched_cv,
POSR01_0164,1,positive_core,yes,yes,no,embedding_and_formal_plm_matched_cv,
POSR01_0038,1,positive_core,yes,yes,no,embedding_and_formal_plm_matched_cv,
POSR01_0689,1,positive_core,yes,yes,no,embedding_and_formal_plm_matched_cv,
POSR01_0118,1,positive_core,yes,yes,no,embedding_and_formal_plm_matched_cv,
POSR01_0448,1,positive_core,yes,yes,no,embedding_and_formal_plm_matched_cv,
POSR01_0880,1,positive_core,yes,yes,no,embedding_and_formal_plm_matched_cv,
POSR01_0403,1,positive_core,yes,yes,no,embedding_and_formal_plm_matched_cv,
POSR01_0866,1,positive_core,yes,yes,no,embedding_and_formal_plm_matched_cv,
POSR01_0435,1,positive_core,yes,yes,no,embedding_and_formal_plm_matched_cv,
POSR01_0794,1,positive_core,yes,yes,no,embedding_and_formal_plm_matched_cv,
POSR01_0089,1,positive_core,yes,yes,no,embedding_and_formal_plm_matched_cv,
POSR01_0116,1,positive_core,yes,yes,no,embedding_and_formal_plm_matched_cv,
POSR01_0197,1,positive_core,yes,yes,no,embedding_and_formal_plm_matched_cv,
POSR01_0047,1,positive_core,yes,yes,no,embedding_and_formal_plm_matched_cv,
POSR01_0438,1,positive_core,yes,yes,no,embedding_and_formal_plm_matched_cv,
POSR01_0684,1,positive_core,yes,yes,no,embedding_and_formal_plm_matched_cv,
POSR01_0542,1,positive_core,yes,yes,no,embedding_and_formal_plm_matched_cv,
POSR01_0633,1,positive_core,yes,yes,no,embedding_and_formal_plm_matched_cv,
POSR01_0340,1,positive_core,yes,yes,no,embedding_and_formal_plm_matched_cv,
POSR01_0162,1,positive_core,yes,yes,no,embedding_and_formal_plm_matched_cv,
POSR01_0584,1,positive_core,yes,yes,no,embedding_and_formal_plm_matched_cv,
POSR01_0504,1,positive_core,yes,yes,no,embedding_and_formal_plm_matched_cv,
POSR01_0888,1,positive_core,yes,yes,no,embedding_and_formal_plm_matched_cv,
POSR01_0406,1,positive_core,yes,yes,no,embedding_and_formal_plm_matched_cv,
POSR01_0291,1,positive_core,yes,yes,no,embedding_and_formal_plm_matched_cv,
POSR01_0039,1,positive_core,yes,yes,no,embedding_and_formal_plm_matched_cv,
POSR01_0761,1,positive_core,yes,yes,no,embedding_and_formal_plm_matched_cv,
POSR01_0778,1,positive_core,yes,yes,no,embedding_and_formal_plm_matched_cv,
POSR01_0685,1,positive_core,yes,yes,no,embedding_and_formal_plm_matched_cv,
POSR01_0328,1,positive_core,yes,yes,no,embedding_and_formal_plm_matched_cv,
POSR01_0540,1,positive_core,yes,yes,no,embedding_and_formal_plm_matched_cv,
POSR01_0556,1,positive_core,yes,yes,no,embedding_and_formal_plm_matched_cv,
POSR01_0637,1,positive_core,yes,yes,no,embedding_and_formal_plm_matched_cv,
POSR01_0671,1,positive_core,yes,yes,no,embedding_and_formal_plm_matched_cv,
POSR01_0193,1,positive_core,yes,yes,no,embedding_and_formal_plm_matched_cv,
POSR01_0507,1,positive_core,yes,yes,no,embedding_and_formal_plm_matched_cv,
POSR01_0816,1,positive_core,yes,yes,no,embedding_and_formal_plm_matched_cv,
POSR01_0177,1,positive_core,yes,yes,no,embedding_and_formal_plm_matched_cv,
POSR01_0526,1,positive_core,yes,yes,no,embedding_and_formal_plm_matched_cv,
POSR01_0404,1,positive_core,yes,yes,no,embedding_and_formal_plm_matched_cv,
POSR01_0186,1,positive_core,yes,yes,no,embedding_and_formal_plm_matched_cv,
POSR01_0707,1,positive_core,yes,yes,no,embedding_and_formal_plm_matched_cv,
POSR01_0541,1,positive_core,yes,yes,no,embedding_and_formal_plm_matched_cv,
POSR01_0500,1,positive_core,yes,yes,no,embedding_and_formal_plm_matched_cv,
POSR01_0594,1,positive_core,yes,yes,no,embedding_and_formal_plm_matched_cv,
POSR01_0892,1,positive_core,yes,yes,no,embedding_and_formal_plm_matched_cv,
POSR01_0443,1,positive_core,yes,yes,no,embedding_and_formal_plm_matched_cv,
POSR01_0201,1,positive_core,yes,yes,no,embedding_and_formal_plm_matched_cv,
POSR01_0069,1,positive_core,yes,yes,no,embedding_and_formal_plm_matched_cv,
POSR01_0729,1,positive_core,yes,yes,no,embedding_and_formal_plm_matched_cv,
POSR01_0245,1,positive_core,yes,yes,no,embedding_and_formal_plm_matched_cv,
POSR01_0766,1,positive_core,yes,yes,no,embedding_and_formal_plm_matched_cv,
POSR01_0383,1,positive_core,yes,yes,no,embedding_and_formal_plm_matched_cv,
POSR01_0065,1,positive_core,yes,yes,no,embedding_and_formal_plm_matched_cv,
POSR01_0254,1,positive_core,yes,yes,no,embedding_and_formal_plm_matched_cv,
POSR01_0013,1,positive_core,yes,yes,no,embedding_and_formal_plm_matched_cv,
POSR01_0019,1,positive_core,yes,yes,no,embedding_and_formal_plm_matched_cv,
POSR01_0581,1,positive_core,yes,yes,no,embedding_and_formal_plm_matched_cv,
POSR01_0775,1,positive_core,yes,yes,no,embedding_and_formal_plm_matched_cv,
POSR01_0480,1,positive_core,yes,yes,no,embedding_and_formal_plm_matched_cv,
POSR01_0405,1,positive_core,yes,yes,no,embedding_and_formal_plm_matched_cv,
POSR01_0229,1,positive_core,yes,yes,no,embedding_and_formal_plm_matched_cv,
POSR01_0310,1,positive_core,yes,yes,no,embedding_and_formal_plm_matched_cv,
POSR01_0563,1,positive_core,yes,yes,no,embedding_and_formal_plm_matched_cv,
POSR01_0566,1,positive_core,yes,yes,no,embedding_and_formal_plm_matched_cv,
POSR01_0764,1,positive_core,yes,yes,no,embedding_and_formal_plm_matched_cv,
POSR01_0441,1,positive_core,yes,yes,no,embedding_and_formal_plm_matched_cv,
POSR01_0619,1,positive_core,yes,yes,no,embedding_and_formal_plm_matched_cv,
POSR01_0690,1,positive_core,yes,yes,no,embedding_and_formal_plm_matched_cv,
POSR01_0572,1,positive_core,yes,yes,no,embedding_and_formal_plm_matched_cv,
POSR01_0108,1,positive_core,yes,yes,no,embedding_and_formal_plm_matched_cv,
POSR01_0874,1,positive_core,yes,yes,no,embedding_and_formal_plm_matched_cv,
POSR01_0835,1,positive_core,yes,yes,no,embedding_and_formal_plm_matched_cv,
POSR01_0776,1,positive_core,yes,yes,no,embedding_and_formal_plm_matched_cv,
POSR01_0397,1,positive_core,yes,yes,no,embedding_and_formal_plm_matched_cv,
POSR01_0292,1,positive_core,yes,yes,no,embedding_and_formal_plm_matched_cv,
POSR01_0625,1,positive_core,yes,yes,no,embedding_and_formal_plm_matched_cv,
POSR01_0630,1,positive_core,yes,yes,no,embedding_and_formal_plm_matched_cv,
POSR01_0217,1,positive_core,yes,yes,no,embedding_and_formal_plm_matched_cv,
POSR01_0494,1,positive_core,yes,yes,no,embedding_and_formal_plm_matched_cv,
POSR01_0647,1,positive_core,yes,yes,no,embedding_and_formal_plm_matched_cv,
POSR01_0037,1,positive_core,yes,yes,no,embedding_and_formal_plm_matched_cv,
POSR01_0458,1,positive_core,yes,yes,no,embedding_and_formal_plm_matched_cv,
POSR01_0583,1,positive_core,yes,yes,no,embedding_and_formal_plm_matched_cv,
POSR01_0626,1,positive_core,yes,yes,no,embedding_and_formal_plm_matched_cv,
POSR01_0243,1,positive_core,yes,yes,no,embedding_and_formal_plm_matched_cv,
POSR01_0315,1,positive_core,yes,yes,no,embedding_and_formal_plm_matched_cv,
POSR01_0585,1,positive_core,yes,yes,no,embedding_and_formal_plm_matched_cv,
POSR01_0352,1,positive_core,yes,yes,no,embedding_and_formal_plm_matched_cv,
POSR01_0501,1,positive_core,yes,yes,no,embedding_and_formal_plm_matched_cv,
POSR01_0687,1,positive_core,yes,yes,no,embedding_and_formal_plm_matched_cv,
POSR01_0374,1,positive_core,yes,yes,no,embedding_and_formal_plm_matched_cv,
POSR01_0739,1,positive_core,yes,yes,no,embedding_and_formal_plm_matched_cv,
POSR01_0610,1,positive_core,yes,yes,no,embedding_and_formal_plm_matched_cv,
POSR01_0351,1,positive_core,yes,yes,no,embedding_and_formal_plm_matched_cv,
POSR01_0564,1,positive_core,yes,yes,no,embedding_and_formal_plm_matched_cv,
POSR01_0029,1,positive_core,yes,yes,no,embedding_and_formal_plm_matched_cv,
POSR01_0347,1,positive_core,yes,yes,no,embedding_and_formal_plm_matched_cv,
POSR01_0663,1,positive_core,yes,yes,no,embedding_and_formal_plm_matched_cv,
POSR01_0543,1,positive_core,yes,yes,no,embedding_and_formal_plm_matched_cv,
POSR01_0052,1,positive_core,yes,yes,no,embedding_and_formal_plm_matched_cv,
POSR01_0512,1,positive_core,yes,yes,no,embedding_and_formal_plm_matched_cv,
POSR01_0095,1,positive_core,yes,yes,no,embedding_and_formal_plm_matched_cv,
POSR01_0094,1,positive_core,yes,yes,no,embedding_and_formal_plm_matched_cv,
POSR01_0417,1,positive_core,yes,yes,no,embedding_and_formal_plm_matched_cv,
POSR01_0622,1,positive_core,yes,yes,no,embedding_and_formal_plm_matched_cv,
POSR01_0861,1,positive_core,yes,yes,no,embedding_and_formal_plm_matched_cv,
POSR01_0782,1,positive_core,yes,yes,no,embedding_and_formal_plm_matched_cv,
POSR01_0837,1,positive_core,yes,yes,no,embedding_and_formal_plm_matched_cv,
POSR01_0349,1,positive_core,yes,yes,no,embedding_and_formal_plm_matched_cv,
POSR01_0285,1,positive_core,yes,yes,no,embedding_and_formal_plm_matched_cv,
POSR01_0109,1,positive_core,yes,yes,no,embedding_and_formal_plm_matched_cv,
POSR01_0760,1,positive_core,yes,yes,no,embedding_and_formal_plm_matched_cv,
POSR01_0362,1,positive_core,yes,yes,no,embedding_and_formal_plm_matched_cv,
POSR01_0511,1,positive_core,yes,yes,no,embedding_and_formal_plm_matched_cv,
POSR01_0788,1,positive_core,yes,yes,no,embedding_and_formal_plm_matched_cv,
POSR01_0367,1,positive_core,yes,yes,no,embedding_and_formal_plm_matched_cv,
POSR01_0083,1,positive_core,yes,yes,no,embedding_and_formal_plm_matched_cv,
POSR01_0489,1,positive_core,yes,yes,no,embedding_and_formal_plm_matched_cv,
POSR01_0756,1,positive_core,yes,yes,no,embedding_and_formal_plm_matched_cv,
POSR01_0169,1,positive_core,yes,yes,no,embedding_and_formal_plm_matched_cv,
POSR01_0174,1,positive_core,yes,yes,no,embedding_and_formal_plm_matched_cv,
POSR01_0463,1,positive_core,yes,yes,no,embedding_and_formal_plm_matched_cv,
POSR01_0725,1,positive_core,yes,yes,no,embedding_and_formal_plm_matched_cv,
POSR01_0188,1,positive_core,yes,yes,no,embedding_and_formal_plm_matched_cv,
POSR01_0442,1,positive_core,yes,yes,no,embedding_and_formal_plm_matched_cv,
POSR01_0440,1,positive_core,yes,yes,no,embedding_and_formal_plm_matched_cv,
POSR01_0363,1,positive_core,yes,yes,no,embedding_and_formal_plm_matched_cv,
POSR01_0194,1,positive_core,yes,yes,no,embedding_and_formal_plm_matched_cv,
POSR01_0283,1,positive_core,yes,yes,no,embedding_and_formal_plm_matched_cv,
POSR01_0266,1,positive_core,yes,yes,no,embedding_and_formal_plm_matched_cv,
POSR01_0644,1,positive_core,yes,yes,no,embedding_and_formal_plm_matched_cv,
POSR01_0669,1,positive_core,yes,yes,no,embedding_and_formal_plm_matched_cv,
POSR01_0516,1,positive_core,yes,yes,no,embedding_and_formal_plm_matched_cv,
POSR01_0728,1,positive_core,yes,yes,no,embedding_and_formal_plm_matched_cv,
POSR01_0453,1,positive_core,yes,yes,no,embedding_and_formal_plm_matched_cv,
POSR01_0305,1,positive_core,yes,yes,no,embedding_and_formal_plm_matched_cv,
POSR01_0124,1,positive_core,yes,yes,no,embedding_and_formal_plm_matched_cv,
POSR01_0773,1,positive_core,yes,yes,no,embedding_and_formal_plm_matched_cv,
POSR01_0832,1,positive_core,yes,yes,no,embedding_and_formal_plm_matched_cv,
POSR01_0221,1,positive_core,yes,yes,no,embedding_and_formal_plm_matched_cv,
POSR01_0697,1,positive_core,yes,yes,no,embedding_and_formal_plm_matched_cv,
POSR01_0297,1,positive_core,yes,yes,no,embedding_and_formal_plm_matched_cv,
POSR01_0895,1,positive_core,yes,yes,no,embedding_and_formal_plm_matched_cv,
POSR01_0420,1,positive_core,yes,yes,no,embedding_and_formal_plm_matched_cv,
POSR01_0290,1,positive_core,yes,yes,no,embedding_and_formal_plm_matched_cv,
POSR01_0053,1,positive_core,yes,yes,no,embedding_and_formal_plm_matched_cv,
POSR01_0498,1,positive_core,yes,yes,no,embedding_and_formal_plm_matched_cv,
POSR01_0733,1,positive_core,yes,yes,no,embedding_and_formal_plm_matched_cv,
POSR01_0799,1,positive_core,yes,yes,no,embedding_and_formal_plm_matched_cv,
POSR01_0737,1,positive_core,yes,yes,no,embedding_and_formal_plm_matched_cv,
POSR01_0382,1,positive_core,yes,yes,no,embedding_and_formal_plm_matched_cv,
POSR01_0289,1,positive_core,yes,yes,no,embedding_and_formal_plm_matched_cv,
POSR01_0742,1,positive_core,yes,yes,no,embedding_and_formal_plm_matched_cv,
POSR01_0070,1,positive_core,yes,yes,no,embedding_and_formal_plm_matched_cv,
POSR01_0207,1,positive_core,yes,yes,no,embedding_and_formal_plm_matched_cv,
POSR01_0014,1,positive_core,yes,yes,no,embedding_and_formal_plm_matched_cv,
POSR01_0398,1,positive_core,yes,yes,no,embedding_and_formal_plm_matched_cv,
POSR01_0223,1,positive_core,yes,yes,no,embedding_and_formal_plm_matched_cv,
POSR01_0731,1,positive_core,yes,yes,no,embedding_and_formal_plm_matched_cv,
POSR01_0590,1,positive_core,yes,yes,no,embedding_and_formal_plm_matched_cv,
POSR01_0748,1,positive_core,yes,yes,no,embedding_and_formal_plm_matched_cv,
POSR01_0173,1,positive_core,yes,yes,no,embedding_and_formal_plm_matched_cv,
POSR01_0238,1,positive_core,yes,yes,no,embedding_and_formal_plm_matched_cv,
POSR01_0476,1,positive_core,yes,yes,no,embedding_and_formal_plm_matched_cv,
POSR01_0216,1,positive_core,yes,yes,no,embedding_and_formal_plm_matched_cv,
POSR01_0871,1,positive_core,yes,yes,no,embedding_and_formal_plm_matched_cv,
POSR01_0646,1,positive_core,yes,yes,no,embedding_and_formal_plm_matched_cv,
POSR01_0846,1,positive_core,yes,yes,no,embedding_and_formal_plm_matched_cv,
POSR01_0493,1,positive_core,yes,yes,no,embedding_and_formal_plm_matched_cv,
POSR01_0838,1,positive_core,yes,yes,no,embedding_and_formal_plm_matched_cv,
POSR01_0878,1,positive_core,yes,yes,no,embedding_and_formal_plm_matched_cv,
POSR01_0488,1,positive_core,yes,yes,no,embedding_and_formal_plm_matched_cv,
POSR01_0144,1,positive_core,yes,yes,no,embedding_and_formal_plm_matched_cv,
POSR01_0506,1,positive_core,yes,yes,no,embedding_and_formal_plm_matched_cv,
POSR01_0665,1,positive_core,yes,yes,no,embedding_and_formal_plm_matched_cv,
POSR01_0555,1,positive_core,yes,yes,no,embedding_and_formal_plm_matched_cv,
POSR01_0534,1,positive_core,yes,yes,no,embedding_and_formal_plm_matched_cv,
POSR01_0045,1,positive_core,yes,yes,no,embedding_and_formal_plm_matched_cv,
POSR01_0008,1,positive_core,yes,yes,no,embedding_and_formal_plm_matched_cv,
POSR01_0513,1,positive_core,yes,yes,no,embedding_and_formal_plm_matched_cv,
POSR01_0338,1,positive_core,yes,yes,no,embedding_and_formal_plm_matched_cv,
POSR01_0655,1,positive_core,yes,yes,no,embedding_and_formal_plm_matched_cv,
POSR01_0211,1,positive_core,yes,yes,no,embedding_and_formal_plm_matched_cv,
POSR01_0897,1,positive_core,yes,yes,no,embedding_and_formal_plm_matched_cv,
POSR01_0670,1,positive_core,yes,yes,no,embedding_and_formal_plm_matched_cv,
POSR01_0063,1,positive_core,yes,yes,no,embedding_and_formal_plm_matched_cv,
POSR01_0649,1,positive_core,yes,yes,no,embedding_and_formal_plm_matched_cv,
POSR01_0613,1,positive_core,yes,yes,no,embedding_and_formal_plm_matched_cv,
POSR01_0309,1,positive_core,yes,yes,no,embedding_and_formal_plm_matched_cv,
POSR01_0623,1,positive_core,yes,yes,no,embedding_and_formal_plm_matched_cv,
POSR01_0459,1,positive_core,yes,yes,no,embedding_and_formal_plm_matched_cv,
POSR01_0519,1,positive_core,yes,yes,no,embedding_and_formal_plm_matched_cv,
POSR01_0672,1,positive_core,yes,yes,no,embedding_and_formal_plm_matched_cv,
POSR01_0185,1,positive_core,yes,yes,no,embedding_and_formal_plm_matched_cv,
POSR01_0218,1,positive_core,yes,yes,no,embedding_and_formal_plm_matched_cv,
POSR01_0818,1,positive_core,yes,yes,no,embedding_and_formal_plm_matched_cv,
POSR01_0586,1,positive_core,yes,yes,no,embedding_and_formal_plm_matched_cv,
POSR01_0694,1,positive_core,yes,yes,no,embedding_and_formal_plm_matched_cv,
POSR01_0248,1,positive_core,yes,yes,no,embedding_and_formal_plm_matched_cv,
POSR01_0869,1,positive_core,yes,yes,no,embedding_and_formal_plm_matched_cv,
POSR01_0072,1,positive_core,yes,yes,no,embedding_and_formal_plm_matched_cv,
POSR01_0399,1,positive_core,yes,yes,no,embedding_and_formal_plm_matched_cv,
POSR01_0276,1,positive_core,yes,yes,no,embedding_and_formal_plm_matched_cv,
POSR01_0792,1,positive_core,yes,yes,no,embedding_and_formal_plm_matched_cv,
POSR01_0244,1,positive_core,yes,yes,no,embedding_and_formal_plm_matched_cv,
POSR01_0797,1,positive_core,yes,yes,no,embedding_and_formal_plm_matched_cv,
POSR01_0333,1,positive_core,yes,yes,no,embedding_and_formal_plm_matched_cv,
POSR01_0854,1,positive_core,yes,yes,no,embedding_and_formal_plm_matched_cv,
POSR01_0085,1,positive_core,yes,yes,no,embedding_and_formal_plm_matched_cv,
POSR01_0204,1,positive_core,yes,yes,no,embedding_and_formal_plm_matched_cv,
POSR01_0592,1,positive_core,yes,yes,no,embedding_and_formal_plm_matched_cv,
POSR01_0627,1,positive_core,yes,yes,no,embedding_and_formal_plm_matched_cv,
POSR01_0380,1,positive_core,yes,yes,no,embedding_and_formal_plm_matched_cv,
POSR01_0020,1,positive_core,yes,yes,no,embedding_and_formal_plm_matched_cv,
POSR01_0262,1,positive_core,yes,yes,no,embedding_and_formal_plm_matched_cv,
POSR01_0551,1,positive_core,yes,yes,no,embedding_and_formal_plm_matched_cv,
POSR01_0269,1,positive_core,yes,yes,no,embedding_and_formal_plm_matched_cv,
POSR01_0680,1,positive_core,yes,yes,no,embedding_and_formal_plm_matched_cv,
POSR01_0161,1,positive_core,yes,yes,no,embedding_and_formal_plm_matched_cv,
POSR01_0030,1,positive_core,yes,yes,no,embedding_and_formal_plm_matched_cv,
POSR01_0531,1,positive_core,yes,yes,no,embedding_and_formal_plm_matched_cv,
POSR01_0215,1,positive_core,yes,yes,no,embedding_and_formal_plm_matched_cv,
POSR01_0753,1,positive_core,yes,yes,no,embedding_and_formal_plm_matched_cv,
POSR01_0369,1,positive_core,yes,yes,no,embedding_and_formal_plm_matched_cv,
POSR01_0199,1,positive_core,yes,yes,no,embedding_and_formal_plm_matched_cv,
POSR01_0170,1,positive_core,yes,yes,no,embedding_and_formal_plm_matched_cv,
POSR01_0023,1,positive_core,yes,yes,no,embedding_and_formal_plm_matched_cv,
POSR01_0191,1,positive_core,yes,yes,no,embedding_and_formal_plm_matched_cv,
POSR01_0809,1,positive_core,yes,yes,no,embedding_and_formal_plm_matched_cv,
POSR01_0536,1,positive_core,yes,yes,no,embedding_and_formal_plm_matched_cv,
POSR01_0371,1,positive_core,yes,yes,no,embedding_and_formal_plm_matched_cv,
POSR01_0388,1,positive_core,yes,yes,no,embedding_and_formal_plm_matched_cv,
POSR01_0086,1,positive_core,yes,yes,no,embedding_and_formal_plm_matched_cv,
POSR01_0811,1,positive_core,yes,yes,no,embedding_and_formal_plm_matched_cv,
POSR01_0517,1,positive_core,yes,yes,no,embedding_and_formal_plm_matched_cv,
POSR01_0711,1,positive_core,yes,yes,no,embedding_and_formal_plm_matched_cv,
POSR01_0641,1,positive_core,yes,yes,no,embedding_and_formal_plm_matched_cv,
POSR01_0716,1,positive_core,yes,yes,no,embedding_and_formal_plm_matched_cv,
POSR01_0219,1,positive_core,yes,yes,no,embedding_and_formal_plm_matched_cv,
POSR01_0628,1,positive_core,yes,yes,no,embedding_and_formal_plm_matched_cv,
POSR01_0202,1,positive_core,yes,yes,no,embedding_and_formal_plm_matched_cv,
POSR01_0813,1,positive_core,yes,yes,no,embedding_and_formal_plm_matched_cv,
POSR01_0602,1,positive_core,yes,yes,no,embedding_and_formal_plm_matched_cv,
POSR01_0678,1,positive_core,yes,yes,no,embedding_and_formal_plm_matched_cv,
POSR01_0763,1,positive_core,yes,yes,no,embedding_and_formal_plm_matched_cv,
POSR01_0279,1,positive_core,yes,yes,no,embedding_and_formal_plm_matched_cv,
POSR01_0573,1,positive_core,yes,yes,no,embedding_and_formal_plm_matched_cv,
POSR01_0681,1,positive_core,yes,yes,no,embedding_and_formal_plm_matched_cv,
POSR01_0007,1,positive_core,yes,yes,no,embedding_and_formal_plm_matched_cv,
POSR01_0324,1,positive_core,yes,yes,no,embedding_and_formal_plm_matched_cv,
POSR01_0803,1,positive_core,yes,yes,no,embedding_and_formal_plm_matched_cv,
POSR01_0034,1,positive_core,yes,yes,no,embedding_and_formal_plm_matched_cv,
POSR01_0418,1,positive_core,yes,yes,no,embedding_and_formal_plm_matched_cv,
POSR01_0612,1,positive_core,yes,yes,no,embedding_and_formal_plm_matched_cv,
POSR01_0676,1,positive_core,yes,yes,no,embedding_and_formal_plm_matched_cv,
POSR01_0222,1,positive_core,yes,yes,no,embedding_and_formal_plm_matched_cv,
POSR01_0259,1,positive_core,yes,yes,no,embedding_and_formal_plm_matched_cv,
POSR01_0240,1,positive_core,yes,yes,no,embedding_and_formal_plm_matched_cv,
POSR01_0018,1,positive_core,yes,yes,no,embedding_and_formal_plm_matched_cv,
POSR01_0698,1,positive_core,yes,yes,no,embedding_and_formal_plm_matched_cv,
POSR01_0785,1,positive_core,yes,yes,no,embedding_and_formal_plm_matched_cv,
POSR01_0539,1,positive_core,yes,yes,no,embedding_and_formal_plm_matched_cv,
POSR01_0129,1,positive_core,yes,yes,no,embedding_and_formal_plm_matched_cv,
POSR01_0808,1,positive_core,yes,yes,no,embedding_and_formal_plm_matched_cv,
POSR01_0570,1,positive_core,yes,yes,no,embedding_and_formal_plm_matched_cv,
POSR01_0885,1,positive_core,yes,yes,no,embedding_and_formal_plm_matched_cv,
POSR01_0389,1,positive_core,yes,yes,no,embedding_and_formal_plm_matched_cv,
POSR01_0153,1,positive_core,yes,yes,no,embedding_and_formal_plm_matched_cv,
POSR01_0097,1,positive_core,yes,yes,no,embedding_and_formal_plm_matched_cv,
POSR01_0312,1,positive_core,yes,yes,no,embedding_and_formal_plm_matched_cv,
POSR01_0213,1,positive_core,yes,yes,no,embedding_and_formal_plm_matched_cv,
POSR01_0192,1,positive_core,yes,yes,no,embedding_and_formal_plm_matched_cv,
POSR01_0123,1,positive_core,yes,yes,no,embedding_and_formal_plm_matched_cv,
POSR01_0532,1,positive_core,yes,yes,no,embedding_and_formal_plm_matched_cv,
POSR01_0651,1,positive_core,yes,yes,no,embedding_and_formal_plm_matched_cv,
POSR01_0891,1,positive_core,yes,yes,no,embedding_and_formal_plm_matched_cv,
POSR01_0795,1,positive_core,yes,yes,no,embedding_and_formal_plm_matched_cv,
POSR01_0660,1,positive_core,yes,yes,no,embedding_and_formal_plm_matched_cv,
POSR01_0469,1,positive_core,yes,yes,no,embedding_and_formal_plm_matched_cv,
POSR01_0467,1,positive_core,yes,yes,no,embedding_and_formal_plm_matched_cv,
POSR01_0492,1,positive_core,yes,yes,no,embedding_and_formal_plm_matched_cv,
POSR01_0726,1,positive_core,yes,yes,no,embedding_and_formal_plm_matched_cv,
POSR01_0819,1,positive_core,yes,yes,no,embedding_and_formal_plm_matched_cv,
POSR01_0058,1,positive_core,yes,yes,no,embedding_and_formal_plm_matched_cv,
POSR01_0830,1,positive_core,yes,yes,no,embedding_and_formal_plm_matched_cv,
POSR01_0820,1,positive_core,yes,yes,no,embedding_and_formal_plm_matched_cv,
POSR01_0319,1,positive_core,yes,yes,no,embedding_and_formal_plm_matched_cv,
POSR01_0705,1,positive_core,yes,yes,no,embedding_and_formal_plm_matched_cv,
POSR01_0273,1,positive_core,yes,yes,no,embedding_and_formal_plm_matched_cv,
POSR01_0806,1,positive_core,yes,yes,no,embedding_and_formal_plm_matched_cv,
POSR01_0802,1,positive_core,yes,yes,no,embedding_and_formal_plm_matched_cv,
POSR01_0316,1,positive_core,yes,yes,no,embedding_and_formal_plm_matched_cv,
POSR01_0284,1,positive_core,yes,yes,no,embedding_and_formal_plm_matched_cv,
POSR01_0844,1,positive_core,yes,yes,no,embedding_and_formal_plm_matched_cv,
POSR01_0365,1,positive_core,yes,yes,no,embedding_and_formal_plm_matched_cv,
POSR01_0131,1,positive_core,yes,yes,no,embedding_and_formal_plm_matched_cv,
POSR01_0704,1,positive_core,yes,yes,no,embedding_and_formal_plm_matched_cv,
POSR01_0496,1,positive_core,yes,yes,no,embedding_and_formal_plm_matched_cv,
POSR01_0682,1,positive_core,yes,yes,no,embedding_and_formal_plm_matched_cv,
POSR01_0528,1,positive_core,yes,yes,no,embedding_and_formal_plm_matched_cv,
POSR01_0122,1,positive_core,yes,yes,no,embedding_and_formal_plm_matched_cv,
POSR01_0159,1,positive_core,yes,yes,no,embedding_and_formal_plm_matched_cv,
POSR01_0212,1,positive_core,yes,yes,no,embedding_and_formal_plm_matched_cv,
POSR01_0302,1,positive_core,yes,yes,no,embedding_and_formal_plm_matched_cv,
POSR01_0599,1,positive_core,yes,yes,no,embedding_and_formal_plm_matched_cv,
POSR01_0096,1,positive_core,yes,yes,no,embedding_and_formal_plm_matched_cv,
POSR01_0639,1,positive_core,yes,yes,no,embedding_and_formal_plm_matched_cv,
POSR01_0609,1,positive_core,yes,yes,no,embedding_and_formal_plm_matched_cv,
POSR01_0355,1,positive_core,yes,yes,no,embedding_and_formal_plm_matched_cv,
POSR01_0620,1,positive_core,yes,yes,no,embedding_and_formal_plm_matched_cv,
POSR01_0508,1,positive_core,yes,yes,no,embedding_and_formal_plm_matched_cv,
POSR01_0629,1,positive_core,yes,yes,no,embedding_and_formal_plm_matched_cv,
POSR01_0445,1,positive_core,yes,yes,no,embedding_and_formal_plm_matched_cv,
POSR01_0659,1,positive_core,yes,yes,no,embedding_and_formal_plm_matched_cv,
POSR01_0195,1,positive_core,yes,yes,no,embedding_and_formal_plm_matched_cv,
POSR01_0600,1,positive_core,yes,yes,no,embedding_and_formal_plm_matched_cv,
POSR01_0103,1,positive_core,yes,yes,no,embedding_and_formal_plm_matched_cv,
POSR01_0386,1,positive_core,yes,yes,no,embedding_and_formal_plm_matched_cv,
POSR01_0055,1,positive_core,yes,yes,no,embedding_and_formal_plm_matched_cv,
POSR01_0462,1,positive_core,yes,yes,no,embedding_and_formal_plm_matched_cv,
POSR01_0214,1,positive_core,yes,yes,no,embedding_and_formal_plm_matched_cv,
POSR01_0595,1,positive_core,yes,yes,no,embedding_and_formal_plm_matched_cv,
POSR01_0334,1,positive_core,yes,yes,no,embedding_and_formal_plm_matched_cv,
POSR01_0859,1,positive_core,yes,yes,no,embedding_and_formal_plm_matched_cv,
POSR01_0433,1,positive_core,yes,yes,no,embedding_and_formal_plm_matched_cv,
POSR01_0060,1,positive_core,yes,yes,no,embedding_and_formal_plm_matched_cv,
POSR01_0231,1,positive_core,yes,yes,no,embedding_and_formal_plm_matched_cv,
POSR01_0722,1,positive_core,yes,yes,no,embedding_and_formal_plm_matched_cv,
POSR01_0824,1,positive_core,yes,yes,no,embedding_and_formal_plm_matched_cv,
POSR01_0009,1,positive_core,yes,yes,no,embedding_and_formal_plm_matched_cv,
POSR01_0615,1,positive_core,yes,yes,no,embedding_and_formal_plm_matched_cv,
POSR01_0256,1,positive_core,yes,yes,no,embedding_and_formal_plm_matched_cv,
POSR01_0470,1,positive_core,yes,yes,no,embedding_and_formal_plm_matched_cv,
POSR01_0452,1,positive_core,yes,yes,no,embedding_and_formal_plm_matched_cv,
POSR01_0465,1,positive_core,yes,yes,no,embedding_and_formal_plm_matched_cv,
POSR01_0491,1,positive_core,yes,yes,no,embedding_and_formal_plm_matched_cv,
POSR01_0522,1,positive_core,yes,yes,no,embedding_and_formal_plm_matched_cv,
POSR01_0884,1,positive_core,yes,yes,no,embedding_and_formal_plm_matched_cv,
POSR01_0710,1,positive_core,yes,yes,no,embedding_and_formal_plm_matched_cv,
POSR01_0755,1,positive_core,yes,yes,no,embedding_and_formal_plm_matched_cv,
POSR01_0529,1,positive_core,yes,yes,no,embedding_and_formal_plm_matched_cv,
POSR01_0361,1,positive_core,yes,yes,no,embedding_and_formal_plm_matched_cv,
POSR01_0078,1,positive_core,yes,yes,no,embedding_and_formal_plm_matched_cv,
POSR01_0394,1,positive_core,yes,yes,no,embedding_and_formal_plm_matched_cv,
POSR01_0364,1,positive_core,yes,yes,no,embedding_and_formal_plm_matched_cv,
POSR01_0523,1,positive_core,yes,yes,no,embedding_and_formal_plm_matched_cv,
POSR01_0675,1,positive_core,yes,yes,no,embedding_and_formal_plm_matched_cv,
POSR01_0172,1,positive_core,yes,yes,no,embedding_and_formal_plm_matched_cv,
POSR01_0345,1,positive_core,yes,yes,no,embedding_and_formal_plm_matched_cv,
POSR01_0474,1,positive_core,yes,yes,no,embedding_and_formal_plm_matched_cv,
POSR01_0552,1,positive_core,yes,yes,no,embedding_and_formal_plm_matched_cv,
POSR01_0424,1,positive_core,yes,yes,no,embedding_and_formal_plm_matched_cv,
POSR01_0242,1,positive_core,yes,yes,no,embedding_and_formal_plm_matched_cv,
POSR01_0402,1,positive_core,yes,yes,no,embedding_and_formal_plm_matched_cv,
POSR01_0401,1,positive_core,yes,yes,no,embedding_and_formal_plm_matched_cv,
POSR01_0074,1,positive_core,yes,yes,no,embedding_and_formal_plm_matched_cv,
POSR01_0863,1,positive_core,yes,yes,no,embedding_and_formal_plm_matched_cv,
POSR01_0634,1,positive_core,yes,yes,no,embedding_and_formal_plm_matched_cv,
POSR01_0499,1,positive_core,yes,yes,no,embedding_and_formal_plm_matched_cv,
POSR01_0754,1,positive_core,yes,yes,no,embedding_and_formal_plm_matched_cv,
POSR01_0422,1,positive_core,yes,yes,no,embedding_and_formal_plm_matched_cv,
POSR01_0073,1,positive_core,yes,yes,no,embedding_and_formal_plm_matched_cv,
POSR01_0006,1,positive_core,yes,yes,no,embedding_and_formal_plm_matched_cv,
POSR01_0003,1,positive_core,yes,yes,no,embedding_and_formal_plm_matched_cv,
POSR01_0150,1,positive_core,yes,yes,no,embedding_and_formal_plm_matched_cv,
POSR01_0759,1,positive_core,yes,yes,no,embedding_and_formal_plm_matched_cv,
POSR01_0796,1,positive_core,yes,yes,no,embedding_and_formal_plm_matched_cv,
POSR01_0429,1,positive_core,yes,yes,no,embedding_and_formal_plm_matched_cv,
POSR01_0225,1,positive_core,yes,yes,no,embedding_and_formal_plm_matched_cv,
POSR01_0746,1,positive_core,yes,yes,no,embedding_and_formal_plm_matched_cv,
POSR01_0817,1,positive_core,yes,yes,no,embedding_and_formal_plm_matched_cv,
POSR01_0022,1,positive_core,yes,yes,no,embedding_and_formal_plm_matched_cv,
POSR01_0311,1,positive_core,yes,yes,no,embedding_and_formal_plm_matched_cv,
POSR01_0735,1,positive_core,yes,yes,no,embedding_and_formal_plm_matched_cv,
POSR01_0635,1,positive_core,yes,yes,no,embedding_and_formal_plm_matched_cv,
POSR01_0588,1,positive_core,yes,yes,no,embedding_and_formal_plm_matched_cv,
POSR01_0673,1,positive_core,yes,yes,no,embedding_and_formal_plm_matched_cv,
POSR01_0783,1,positive_core,yes,yes,no,embedding_and_formal_plm_matched_cv,
POSR01_0650,1,positive_core,yes,yes,no,embedding_and_formal_plm_matched_cv,
POSR01_0485,1,positive_core,yes,yes,no,embedding_and_formal_plm_matched_cv,
POSR01_0149,1,positive_core,yes,yes,no,embedding_and_formal_plm_matched_cv,
POSR01_0743,1,positive_core,yes,yes,no,embedding_and_formal_plm_matched_cv,
POSR01_0606,1,positive_core,yes,yes,no,embedding_and_formal_plm_matched_cv,
POSR01_0550,1,positive_core,yes,yes,no,embedding_and_formal_plm_matched_cv,
POSR01_0700,1,positive_core,yes,yes,no,embedding_and_formal_plm_matched_cv,
POSR01_0236,1,positive_core,yes,yes,no,embedding_and_formal_plm_matched_cv,
POSR01_0686,1,positive_core,yes,yes,no,embedding_and_formal_plm_matched_cv,
POSR01_0679,1,positive_core,yes,yes,no,embedding_and_formal_plm_matched_cv,
POSR01_0578,1,positive_core,yes,yes,no,embedding_and_formal_plm_matched_cv,
POSR01_0812,1,positive_core,yes,yes,no,embedding_and_formal_plm_matched_cv,
POSR01_0423,1,positive_core,yes,yes,no,embedding_and_formal_plm_matched_cv,
POSR01_0456,1,positive_core,yes,yes,no,embedding_and_formal_plm_matched_cv,
POSR01_0479,1,positive_core,yes,yes,no,embedding_and_formal_plm_matched_cv,
POSR01_0708,1,positive_core,yes,yes,no,embedding_and_formal_plm_matched_cv,
POSR01_0822,1,positive_core,yes,yes,no,embedding_and_formal_plm_matched_cv,
POSR01_0439,1,positive_core,yes,yes,no,embedding_and_formal_plm_matched_cv,
POSR01_0730,1,positive_core,yes,yes,no,embedding_and_formal_plm_matched_cv,
POSR01_0712,1,positive_core,yes,yes,no,embedding_and_formal_plm_matched_cv,
NEGR01_0001,0,core_negative,yes,yes,no,embedding_and_formal_plm_matched_cv,
NEGR01_0002,0,core_negative,yes,yes,no,embedding_and_formal_plm_matched_cv,
NEGR01_0003,0,core_negative,yes,yes,no,embedding_and_formal_plm_matched_cv,
NEGR01_0004,0,core_negative,yes,yes,no,embedding_and_formal_plm_matched_cv,
NEGR01_0005,0,core_negative,yes,yes,no,embedding_and_formal_plm_matched_cv,
NEGR01_0006,0,core_negative,yes,yes,no,embedding_and_formal_plm_matched_cv,
NEGR01_0007,0,core_negative,yes,yes,no,embedding_and_formal_plm_matched_cv,
NEGR01_0008,0,core_negative,yes,yes,no,embedding_and_formal_plm_matched_cv,
NEGR01_0009,0,core_negative,yes,yes,no,embedding_and_formal_plm_matched_cv,
NEGR01_0010,0,core_negative,yes,yes,no,embedding_and_formal_plm_matched_cv,
NEGR01_0011,0,core_negative,yes,yes,no,embedding_and_formal_plm_matched_cv,
NEGR01_0012,0,core_negative,yes,yes,no,embedding_and_formal_plm_matched_cv,
NEGR01_0013,0,core_negative,yes,yes,no,embedding_and_formal_plm_matched_cv,
NEGR01_0014,0,core_negative,yes,yes,no,embedding_and_formal_plm_matched_cv,
NEGR01_0015,0,core_negative,yes,yes,no,embedding_and_formal_plm_matched_cv,
NEGR01_0016,0,core_negative,yes,yes,no,embedding_and_formal_plm_matched_cv,
NEGR01_0017,0,core_negative,yes,yes,no,embedding_and_formal_plm_matched_cv,
NEGR01_0018,0,core_negative,yes,yes,no,embedding_and_formal_plm_matched_cv,
NEGR01_0019,0,core_negative,yes,yes,no,embedding_and_formal_plm_matched_cv,
NEGR01_0020,0,core_negative,yes,yes,no,embedding_and_formal_plm_matched_cv,
NEGR01_0021,0,core_negative,yes,yes,no,embedding_and_formal_plm_matched_cv,
NEGR01_0022,0,core_negative,yes,yes,no,embedding_and_formal_plm_matched_cv,
NEGR01_0023,0,core_negative,yes,yes,no,embedding_and_formal_plm_matched_cv,
NEGR01_0024,0,core_negative,yes,yes,no,embedding_and_formal_plm_matched_cv,
NEGR01_0025,0,core_negative,yes,yes,no,embedding_and_formal_plm_matched_cv,
NEGR01_0026,0,core_negative,yes,yes,no,embedding_and_formal_plm_matched_cv,
NEGR01_0027,0,core_negative,yes,yes,no,embedding_and_formal_plm_matched_cv,
NEGR01_0028,0,core_negative,yes,yes,no,embedding_and_formal_plm_matched_cv,
NEGR01_0029,0,core_negative,yes,yes,no,embedding_and_formal_plm_matched_cv,
SENSR01_0001,0,negative_sensitivity,sensitivity_branch_only,paired_sensitivity_analysis_only,no,embedding_and_paired_sensitivity_analysis_only,
SENSR01_0002,0,negative_sensitivity,sensitivity_branch_only,paired_sensitivity_analysis_only,no,embedding_and_paired_sensitivity_analysis_only,
SENSR01_0003,0,negative_sensitivity,sensitivity_branch_only,paired_sensitivity_analysis_only,no,embedding_and_paired_sensitivity_analysis_only,
CHL0001,0,challenge_only,no,no,yes,embedding_only_posthoc_challenge_scoring_not_training,"Task-negative and non-overlapping with current positive pool; may be used only as a provisional challenge pool, not as final general negatives."
CHL0002,0,challenge_only,no,no,yes,embedding_only_posthoc_challenge_scoring_not_training,"Task-negative and non-overlapping with current positive pool; may be used only as a provisional challenge pool, not as final general negatives."
CHL0003,0,challenge_only,no,no,yes,embedding_only_posthoc_challenge_scoring_not_training,"Task-negative and non-overlapping with current positive pool; may be used only as a provisional challenge pool, not as final general negatives."
CHL0004,0,challenge_only,no,no,yes,embedding_only_posthoc_challenge_scoring_not_training,"Task-negative and non-overlapping with current positive pool; may be used only as a provisional challenge pool, not as final general negatives."
CHL0005,0,challenge_only,no,no,yes,embedding_only_posthoc_challenge_scoring_not_training,"Task-negative and non-overlapping with current positive pool; may be used only as a provisional challenge pool, not as final general negatives."
CHL0006,0,challenge_only,no,no,yes,embedding_only_posthoc_challenge_scoring_not_training,"Task-negative and non-overlapping with current positive pool; may be used only as a provisional challenge pool, not as final general negatives."
CHL0007,0,challenge_only,no,no,yes,embedding_only_posthoc_challenge_scoring_not_training,"Task-negative and non-overlapping with current positive pool; may be used only as a provisional challenge pool, not as final general negatives."
CHL0008,0,challenge_only,no,no,yes,embedding_only_posthoc_challenge_scoring_not_training,"Task-negative and non-overlapping with current positive pool; may be used only as a provisional challenge pool, not as final general negatives."
CHL0009,0,challenge_only,no,no,yes,embedding_only_posthoc_challenge_scoring_not_training,"Task-negative and non-overlapping with current positive pool; may be used only as a provisional challenge pool, not as final general negatives."
CHL0010,0,challenge_only,no,no,yes,embedding_only_posthoc_challenge_scoring_not_training,"Task-negative and non-overlapping with current positive pool; may be used only as a provisional challenge pool, not as final general negatives."
CHL0011,0,challenge_only,no,no,yes,embedding_only_posthoc_challenge_scoring_not_training,"Task-negative and non-overlapping with current positive pool; may be used only as a provisional challenge pool, not as final general negatives."
CHL0012,0,challenge_only,no,no,yes,embedding_only_posthoc_challenge_scoring_not_training,"Task-negative and non-overlapping with current positive pool; may be used only as a provisional challenge pool, not as final general negatives."
CHL0013,0,challenge_only,no,no,yes,embedding_only_posthoc_challenge_scoring_not_training,"Task-negative and non-overlapping with current positive pool; may be used only as a provisional challenge pool, not as final general negatives."
CHL0014,0,challenge_only,no,no,yes,embedding_only_posthoc_challenge_scoring_not_training,"Task-negative and non-overlapping with current positive pool; may be used only as a provisional challenge pool, not as final general negatives."
CHL0015,0,challenge_only,no,no,yes,embedding_only_posthoc_challenge_scoring_not_training,"Task-negative and non-overlapping with current positive pool; may be used only as a provisional challenge pool, not as final general negatives."
CHL0016,0,challenge_only,no,no,yes,embedding_only_posthoc_challenge_scoring_not_training,"Task-negative and non-overlapping with current positive pool; may be used only as a provisional challenge pool, not as final general negatives."
CHL0017,0,challenge_only,no,no,yes,embedding_only_posthoc_challenge_scoring_not_training,"Task-negative and non-overlapping with current positive pool; may be used only as a provisional challenge pool, not as final general negatives."
CHL0018,0,challenge_only,no,no,yes,embedding_only_posthoc_challenge_scoring_not_training,"Task-negative and non-overlapping with current positive pool; may be used only as a provisional challenge pool, not as final general negatives."
CHL0019,0,challenge_only,no,no,yes,embedding_only_posthoc_challenge_scoring_not_training,"Task-negative and non-overlapping with current positive pool; may be used only as a provisional challenge pool, not as final general negatives."
CHL0020,0,challenge_only,no,no,yes,embedding_only_posthoc_challenge_scoring_not_training,"Task-negative and non-overlapping with current positive pool; may be used only as a provisional challenge pool, not as final general negatives."
CHL0021,0,challenge_only,no,no,yes,embedding_only_posthoc_challenge_scoring_not_training,"Task-negative and non-overlapping with current positive pool; may be used only as a provisional challenge pool, not as final general negatives."
CHL0022,0,challenge_only,no,no,yes,embedding_only_posthoc_challenge_scoring_not_training,"Task-negative and non-overlapping with current positive pool; may be used only as a provisional challenge pool, not as final general negatives."
CHL0023,0,challenge_only,no,no,yes,embedding_only_posthoc_challenge_scoring_not_training,"Task-negative and non-overlapping with current positive pool; may be used only as a provisional challenge pool, not as final general negatives."
CHL0024,0,challenge_only,no,no,yes,embedding_only_posthoc_challenge_scoring_not_training,"Task-negative and non-overlapping with current positive pool; may be used only as a provisional challenge pool, not as final general negatives."
CHL0025,0,challenge_only,no,no,yes,embedding_only_posthoc_challenge_scoring_not_training,"Task-negative and non-overlapping with current positive pool; may be used only as a provisional challenge pool, not as final general negatives."
CHL0026,0,challenge_only,no,no,yes,embedding_only_posthoc_challenge_scoring_not_training,"Task-negative and non-overlapping with current positive pool; may be used only as a provisional challenge pool, not as final general negatives."
CHL0027,0,challenge_only,no,no,yes,embedding_only_posthoc_challenge_scoring_not_training,"Task-negative and non-overlapping with current positive pool; may be used only as a provisional challenge pool, not as final general negatives."
CHL0028,0,challenge_only,no,no,yes,embedding_only_posthoc_challenge_scoring_not_training,"Task-negative and non-overlapping with current positive pool; may be used only as a provisional challenge pool, not as final general negatives."
