embedding_row_index,sequence_id,sequence_length,label,branch,csv_fasta_order_expected,sequence_md5
0,POSR01_0198,5,1,positive_core,True,6fcde36e12ad819d11e82fef5c6d8a62
1,POSR01_0879,8,1,positive_core,True,7638a41ca19536152a8138613cc43e9a
2,POSR01_0662,12,1,positive_core,True,e67ac218ea82755011a915058c38ac24
3,POSR01_0882,8,1,positive_core,True,ddd177ad155561a0b76ab7758f717806
4,POSR01_0264,6,1,positive_core,True,46421e3c2358cd00c34a55cdb19ab324
5,POSR01_0544,9,1,positive_core,True,52adb64835840a26d526cd92d74c2c5c
6,POSR01_0481,8,1,positive_core,True,f324eb3e8515694c5a39186f1a0e9d60
7,POSR01_0781,15,1,positive_core,True,51486ffff833074382fe730e124eb66d
8,POSR01_0750,14,1,positive_core,True,e95838ac1710cb0659d0379544138788
9,POSR01_0867,7,1,positive_core,True,488c33a72b3ffc7a1ebbf3f9489a904c
10,POSR01_0823,19,1,positive_core,True,c007e8cf4a962d0bce695f2fbe0293c2
11,POSR01_0132,5,1,positive_core,True,8649c4ccefc0a57fdf61eb868dbde662
12,POSR01_0183,5,1,positive_core,True,6958a695ee91045f04cad4b64cb82639
13,POSR01_0560,10,1,positive_core,True,b6db919dfd06dfce6602f937eb819ea6
14,POSR01_0589,10,1,positive_core,True,ebff0b1cba157163f9c7078714876bff
15,POSR01_0804,16,1,positive_core,True,f3ca8c3661908f0a723abdbc4551753b
16,POSR01_0114,5,1,positive_core,True,1e33a4c9f2d5e3fb6578ece1904bf11e
17,POSR01_0677,12,1,positive_core,True,d3b70df8e2332de197514d55b8a97095
18,POSR01_0862,6,1,positive_core,True,527c05b6f98aa8e5e74d0598a760830c
19,POSR01_0187,5,1,positive_core,True,37aa57425b3cf9708fb79f9b9330fdb3
20,POSR01_0894,11,1,positive_core,True,1f02235d8a62209de66dd4129bcdd5b6
21,POSR01_0477,8,1,positive_core,True,9dfa7bfd36785286f8d3ad1768d21850
22,POSR01_0148,5,1,positive_core,True,21b9ae6c5411d580dea43943d97d7bf6
23,POSR01_0657,11,1,positive_core,True,aa96703c1c737c12fe1994a42d50e82c
24,POSR01_0004,4,1,positive_core,True,25b24384d8c34b3e426bc8cee3b8af36
25,POSR01_0230,5,1,positive_core,True,d6ceb24e80f9cca7c1f613eefc4e6fec
26,POSR01_0113,5,1,positive_core,True,48a91ee941fbd7f30b57b796ba1ed383
27,POSR01_0720,13,1,positive_core,True,31901b4d8061e46cd5c91618754d81fb
28,POSR01_0396,7,1,positive_core,True,cbd1d185f3d8115bfa4edd7d440f0717
29,POSR01_0769,14,1,positive_core,True,ccd904e53b28e8838afcd5d41a3ecca5
30,POSR01_0054,4,1,positive_core,True,8e6f3d96d800759075fcd6f9e825608e
31,POSR01_0807,16,1,positive_core,True,f7ec6e3f2f6d4713d4d76294a4a54048
32,POSR01_0329,6,1,positive_core,True,e743381c4d42fe773cc11bbbc25aae09
33,POSR01_0046,4,1,positive_core,True,53802e1b2d3afc866df450c06ad32f93
34,POSR01_0104,4,1,positive_core,True,9eb06b8034de470ebeddbf64401e6e3a
35,POSR01_0460,8,1,positive_core,True,848b6ed59749abea26b9fad9cfda63c0
36,POSR01_0090,4,1,positive_core,True,f946ed452e3fd00eed0dee2accdce830
37,POSR01_0040,4,1,positive_core,True,1c0fef6a064c637ebdd0a4f4651169e0
38,POSR01_0855,5,1,positive_core,True,117553d8bbb9f48db35a05a3be07bdd3
39,POSR01_0035,4,1,positive_core,True,3e34ffef83f943061222f1701cb6ef49
40,POSR01_0847,5,1,positive_core,True,632296ff7e5997fa240cef0a8623eb93
41,POSR01_0257,6,1,positive_core,True,6dbb32a9c627480cb0ebee2e662688ab
42,POSR01_0210,5,1,positive_core,True,077b81149b5a68f6c736b6cd540ba3e8
43,POSR01_0571,10,1,positive_core,True,ba92ed0e632ad29e4caf9e84550664fc
44,POSR01_0577,10,1,positive_core,True,3eace8dd3c5277c60cbcb101c9136c25
45,POSR01_0110,4,1,positive_core,True,04e4383e429f5d73bb8590679fb928a1
46,POSR01_0454,8,1,positive_core,True,e917a83c0c7e199363eab9b98f92bb5f
47,POSR01_0653,11,1,positive_core,True,ee5f19942fd463ac21d6a6958e4c1d3c
48,POSR01_0455,8,1,positive_core,True,aa9707a9ede5274a768b9e9f8caa8d33
49,POSR01_0323,6,1,positive_core,True,09fcab00173abbc5525c69a2c96ff839
50,POSR01_0666,12,1,positive_core,True,468d806fccce1ea692480eef15735345
51,POSR01_0061,4,1,positive_core,True,9a6cb14c09a4dfd027147d029040c6dd
52,POSR01_0860,6,1,positive_core,True,48c254d6cad816eb95115bd4f16827cd
53,POSR01_0250,6,1,positive_core,True,5e4ab5ecb7e9cf4b91a44e3f565f05a6
54,POSR01_0247,6,1,positive_core,True,9c66c0e6df0e495e7adc3af2ae727f85
55,POSR01_0400,7,1,positive_core,True,952bd577ff4eb7027bc579fc1e64deab
56,POSR01_0091,4,1,positive_core,True,50e997b6dfaf2462c9b4428a6b79fb2a
57,POSR01_0167,5,1,positive_core,True,a9927edbfde24ad19b36b47e6478a237
58,POSR01_0518,9,1,positive_core,True,9e4cc071c7926d35152e52e2f41c22c6
59,POSR01_0836,4,1,positive_core,True,7bfc155d7ae24616b20a5e74ac549b27
60,POSR01_0306,6,1,positive_core,True,99a2acf5892094111904d0698a244d3d
61,POSR01_0527,9,1,positive_core,True,c57dbc1028af948665976a09828077a0
62,POSR01_0220,5,1,positive_core,True,f3368bfb7f67e27a26c9bd4f8771be85
63,POSR01_0151,5,1,positive_core,True,6f041d4fd7dd150385f33c58aa7c522d
64,POSR01_0331,6,1,positive_core,True,289ef5c0ba5ac7f5fb1c00cf82884328
65,POSR01_0533,9,1,positive_core,True,b4fcec73e3486f59e48f992534e344bc
66,POSR01_0683,12,1,positive_core,True,d8d26c1052526ccb797041de727ffb40
67,POSR01_0591,10,1,positive_core,True,d01cedaa37f7149980f50e40ac1c2b6c
68,POSR01_0287,6,1,positive_core,True,bcd8aa0b5149a304088bcd7cf49df5d8
69,POSR01_0098,4,1,positive_core,True,849ba34cb5a9775dcc41e4a710abb067
70,POSR01_0128,5,1,positive_core,True,6fa4f41f5af14a65ad3c194eebf08907
71,POSR01_0447,8,1,positive_core,True,7d2a042ce51be379577d906461d3584b
72,POSR01_0553,10,1,positive_core,True,3762cf0cca891135659e984661a482d3
73,POSR01_0021,4,1,positive_core,True,d32c5c0e684c9aa7e01de6e2ecf6c8f7
74,POSR01_0165,5,1,positive_core,True,572dc54195fcbecef4ebcdb064ff63ee
75,POSR01_0002,4,1,positive_core,True,84fdb5ddaf9e94636a111f785c65afa6
76,POSR01_0277,6,1,positive_core,True,32efb553a4cfab496539e2540f8a292b
77,POSR01_0801,16,1,positive_core,True,83e338ea93a8982b5cdc695a5426fc56
78,POSR01_0475,8,1,positive_core,True,e5c4a1c0ac73fe35dafd2f33e7b9c3ec
79,POSR01_0196,5,1,positive_core,True,4bbab1893ba305500f6352c4fe68d3c3
80,POSR01_0015,4,1,positive_core,True,3b0cf395de353760e970a8e1dee2f3e3
81,POSR01_0321,6,1,positive_core,True,4f75be67360fb1f3617fba407ff149c7
82,POSR01_0752,14,1,positive_core,True,4d1970d5a42b68d89df3cae990f90b4e
83,POSR01_0751,14,1,positive_core,True,abc09cff7cf33b31f0e62cf0a94d8505
84,POSR01_0881,8,1,positive_core,True,22e217d04a4d52b4823592eebc9b618b
85,POSR01_0780,15,1,positive_core,True,9431d295676f2a1f19d378f456a98234
86,POSR01_0696,12,1,positive_core,True,d2877ee44a6ded2234d0917dea3dd478
87,POSR01_0664,12,1,positive_core,True,c65f9b61a47db843914c3cf40e69d940
88,POSR01_0101,4,1,positive_core,True,5892cc56844d34d0123c59dc26a2f635
89,POSR01_0688,12,1,positive_core,True,c63eb49444d98a86a1c7139a34d2c61e
90,POSR01_0436,8,1,positive_core,True,74bf3964da1b1130912418e313eccd2f
91,POSR01_0827,4,1,positive_core,True,a7687b17048f88d32b8813dfa395c103
92,POSR01_0431,8,1,positive_core,True,7d86491858c250a44fe677d6e904a2a4
93,POSR01_0520,9,1,positive_core,True,f8f39f6a45b075ca69323f96f9cdf321
94,POSR01_0740,13,1,positive_core,True,098dda6ee4913c9100b627afa2d5d7fd
95,POSR01_0839,5,1,positive_core,True,b7db78dff0596299fe80de379df39661
96,POSR01_0043,4,1,positive_core,True,738788e6598f4c41e893aecc665bb489
97,POSR01_0490,8,1,positive_core,True,7ef030f715d43a31efeb9c2c8af2bb0f
98,POSR01_0141,5,1,positive_core,True,7104b28a4713f90c33ea5db79ba8f850
99,POSR01_0899,18,1,positive_core,True,af9edc6702c2e0689502bea04e728d92
100,POSR01_0603,10,1,positive_core,True,bad05fc1c488cabc20304cc610de5888
101,POSR01_0567,10,1,positive_core,True,6d2ee10b083891f01142696fe574b0c7
102,POSR01_0468,8,1,positive_core,True,c2a053cf403d0ca47b01e782acc27968
103,POSR01_0139,5,1,positive_core,True,5a98b32eee8079333854458282c1f2e1
104,POSR01_0825,4,1,positive_core,True,b45ce9d4256e12cac098224e89f2fce1
105,POSR01_0356,7,1,positive_core,True,cadad1d1f0ae2382fe75223d2b6576a4
106,POSR01_0271,6,1,positive_core,True,a9f78550a4c8bf87c16436589c93b8c1
107,POSR01_0258,6,1,positive_core,True,8eee589cb083b51575c1879d80882773
108,POSR01_0084,4,1,positive_core,True,dad19e125fc7b4765e6c20744ce14f67
109,POSR01_0392,7,1,positive_core,True,5394a3cedb392fd4e117b7724871ee53
110,POSR01_0842,5,1,positive_core,True,9c7bcafb28688eb1bd33c9d807f8c47e
111,POSR01_0064,4,1,positive_core,True,3fd94179f61caeb7cb5cbe18059dd48b
112,POSR01_0010,4,1,positive_core,True,fae81e39ecb5f9c5a48f7c9a06f48e31
113,POSR01_0524,9,1,positive_core,True,ee5adaf568c0f360578cf286674a537d
114,POSR01_0593,10,1,positive_core,True,d5370e3ef98031d41b6bb6a390b4ff31
115,POSR01_0762,14,1,positive_core,True,f311e857f87a41713e1bb98b6dd807f8
116,POSR01_0099,4,1,positive_core,True,352774dece8c65ffacc7624843e03dba
117,POSR01_0136,5,1,positive_core,True,ebddf3d57346546370e04d2b4637a22f
118,POSR01_0377,7,1,positive_core,True,669cff446ffb2830ad482b98d1a4e569
119,POSR01_0146,5,1,positive_core,True,affb00b642b79c055939fce846175025
120,POSR01_0800,16,1,positive_core,True,4115fadcc0c8e71c4b260c12a5adc3a7
121,POSR01_0464,8,1,positive_core,True,5707dc72d9b870a5f0c3dfbf76b6d69f
122,POSR01_0155,5,1,positive_core,True,d55099e814cb4638846417263cfec949
123,POSR01_0618,11,1,positive_core,True,02ac2a094a71d1f86f847dc6d8267a9a
124,POSR01_0741,13,1,positive_core,True,504b1023fe355c5492fd93479031ec01
125,POSR01_0066,4,1,positive_core,True,73a921f28fd95f6dffc3d7196e0ee43b
126,POSR01_0163,5,1,positive_core,True,1c3395cf099b3f72d8c15d5d2447a154
127,POSR01_0786,15,1,positive_core,True,b855c243c9f8338a86d0b8d9d2973830
128,POSR01_0597,10,1,positive_core,True,d55e7c47b622aac28456ebe5c8aa1d92
129,POSR01_0611,10,1,positive_core,True,c592a2e2122064b7c0e05a1a77594c23
130,POSR01_0140,5,1,positive_core,True,db6bca8cc882ba1f873acf9517919a12
131,POSR01_0427,8,1,positive_core,True,2ff45b34e24a494d6a44070f8e803859
132,POSR01_0126,5,1,positive_core,True,bd4bcf65900fed165af6001888430006
133,POSR01_0410,7,1,positive_core,True,f17a964c28ab96e492a5e5afb70b5f01
134,POSR01_0087,4,1,positive_core,True,810d63e8d2f84765f63a6b9468b7cad0
135,POSR01_0587,10,1,positive_core,True,ddc760e5ce0bfc9c6aeb2e94d7e91847
136,POSR01_0699,12,1,positive_core,True,c9068a61ff75c0daee9687b7846b1cb9
137,POSR01_0067,4,1,positive_core,True,0671d51cdd5ef4af7aad9b3e9aec5317
138,POSR01_0092,4,1,positive_core,True,d0e53d8733907516ae71caf0e16d5a35
139,POSR01_0559,10,1,positive_core,True,56889dd40ecfb178c0d4fd15a8b2ecdc
140,POSR01_0814,17,1,positive_core,True,d34d5bf1f13714f59a047c4f55277e4d
141,POSR01_0011,4,1,positive_core,True,849131929ce3332e5fbd2e67348bd06a
142,POSR01_0036,4,1,positive_core,True,74cc33560c15b5a0d6d5fa4a61d7ca7f
143,POSR01_0252,6,1,positive_core,True,a973114786a3c34dd17ad3e2b477cfe8
144,POSR01_0031,4,1,positive_core,True,26390c549d493b4edebb24f513d5f3f8
145,POSR01_0346,6,1,positive_core,True,0d780560a3595fbfb4c6cedfd658005e
146,POSR01_0142,5,1,positive_core,True,7af4df4ab10f081eaea1f18737dcc552
147,POSR01_0318,6,1,positive_core,True,428b640152dce73bdf0c6e631756facd
148,POSR01_0326,6,1,positive_core,True,2ecc2d8332b45bb95ae52d85f7678095
149,POSR01_0232,5,1,positive_core,True,c894bc8f79d57358acd9de0956c92c85
150,POSR01_0288,6,1,positive_core,True,5756dad0a6d267a270456e2834f2a0ba
151,POSR01_0057,4,1,positive_core,True,3093b47085c844338bf30afc9a6d3b57
152,POSR01_0044,4,1,positive_core,True,a4a470dcc38e6d38055586ad51d4ea60
153,POSR01_0530,9,1,positive_core,True,bc918c99206a539e1d81a2c4f6b2b478
154,POSR01_0342,6,1,positive_core,True,276b25198fcf7a57267b50d73ba62ac5
155,POSR01_0012,4,1,positive_core,True,4ad717c51d0b902439acfa73d247b892
156,POSR01_0274,6,1,positive_core,True,88ac6fe94a56bee4a144146669600b22
157,POSR01_0200,5,1,positive_core,True,3ec3ff31d44b1947ba47fcb63a4bc641
158,POSR01_0138,5,1,positive_core,True,717ca540bdf0635945a22b47f5405da3
159,POSR01_0303,6,1,positive_core,True,25e24673e4ade6607dff18302316726a
160,POSR01_0234,5,1,positive_core,True,adb395056fdcfec2830e2dbb6e071788
161,POSR01_0580,10,1,positive_core,True,cb3f2f4c6e9d7d8a8daf0c65d5e9cca7
162,POSR01_0270,6,1,positive_core,True,c8a5e54116be41467426da804aaf3daa
163,POSR01_0771,14,1,positive_core,True,29716ddf69219f19a547f6d73a9e0738
164,POSR01_0241,5,1,positive_core,True,3b295aeb4192518ee4b58ef1e4b54411
165,POSR01_0145,5,1,positive_core,True,78aab4f9145842d7b0c113239e519c88
166,POSR01_0180,5,1,positive_core,True,0853df8f4d641f796954b0710f1c1c7c
167,POSR01_0810,16,1,positive_core,True,0316bf7b97eef8c4e1282b364f1fe780
168,POSR01_0313,6,1,positive_core,True,b443c75a37093203fe649c68d3baca2b
169,POSR01_0112,5,1,positive_core,True,dbed92f8385e560ca9e23408094a11fe
170,POSR01_0093,4,1,positive_core,True,92de9661319073a63b1ce3688ee5be0c
171,POSR01_0774,14,1,positive_core,True,a6b3fc94b94aa88279c93ba51d539164
172,POSR01_0032,4,1,positive_core,True,82d2614af4560303305c8a65e8713e3e
173,POSR01_0370,7,1,positive_core,True,a51babab445f1f8d63141a746e463008
174,POSR01_0849,5,1,positive_core,True,01dc3c5c5eb0bce0c2d9a53d9a8a4ee3
175,POSR01_0787,15,1,positive_core,True,797ddba39feed7bd87b9c3a72186527e
176,POSR01_0638,11,1,positive_core,True,336a7a50507d896dc25abef41e4eea8c
177,POSR01_0658,11,1,positive_core,True,8d72b613a8e0ff949b7721a9ffcf49cf
178,POSR01_0304,6,1,positive_core,True,297950df3a6d8d7d40b09cbbedced700
179,POSR01_0051,4,1,positive_core,True,f6a5d9882653eef128ab06455b63eacf
180,POSR01_0575,10,1,positive_core,True,3ceea558103bbb39b2bbc249a23e5405
181,POSR01_0868,7,1,positive_core,True,f723ba6cfd00a388a9c8ded9aad81a29
182,POSR01_0497,9,1,positive_core,True,474e5890009ec06d794b7e97700470d0
183,POSR01_0437,8,1,positive_core,True,03f559d9985ff8c8ef44db42167b978e
184,POSR01_0360,7,1,positive_core,True,20a7dfb7943bfd0d4ee812bbe7448ec8
185,POSR01_0449,8,1,positive_core,True,655c36a931e169313e0493b95e931987
186,POSR01_0105,4,1,positive_core,True,e80f9a47a8041b57d6b6b09aa6dbe0f4
187,POSR01_0525,9,1,positive_core,True,ccfc36d6f912331702f11fd223339dc4
188,POSR01_0076,4,1,positive_core,True,096e5b8c5f4ff32a9b2e9af1bc759afb
189,POSR01_0703,12,1,positive_core,True,e0e5e39c86d7d15b539dc8a49b47c723
190,POSR01_0826,4,1,positive_core,True,0dbb25b8d59dd538c0f7e1208790ad81
191,POSR01_0877,8,1,positive_core,True,71259b9a8c2d41b07812ee8dada5a1f8
192,POSR01_0428,8,1,positive_core,True,c037b2620f3f951b46e837e564934f49
193,POSR01_0425,8,1,positive_core,True,d896dfc8bd22f7c6d197a3ec2c1ecc2d
194,POSR01_0127,5,1,positive_core,True,874908e8ee0b53e95cac9d421a40c1c1
195,POSR01_0558,10,1,positive_core,True,5db4f45d35ef24a788189a2710bc22f1
196,POSR01_0514,9,1,positive_core,True,d77f6a7c9a332908a879eb8ebfc4a4f6
197,POSR01_0701,12,1,positive_core,True,3e36866c50b38dbecf660867451ec69d
198,POSR01_0875,8,1,positive_core,True,e59816e7fe41634f810bf0f450ac0475
199,POSR01_0852,5,1,positive_core,True,9916647bb68cbee0e9453211af769cad
200,POSR01_0079,4,1,positive_core,True,5dfaf8920214e9e3ba17bb7b1de729b9
201,POSR01_0077,4,1,positive_core,True,46401d81824bfaadec972ac3cf6441ff
202,POSR01_0548,10,1,positive_core,True,3302c04d6d61cc1742f0fdb3a51864b7
203,POSR01_0300,6,1,positive_core,True,af5d45f29c9db2205ecdf2d582ac93d7
204,POSR01_0695,12,1,positive_core,True,a9841ecdf12ee1a91c6a3af4a81f2610
205,POSR01_0314,6,1,positive_core,True,278293786915dd0b108b8e77e1ec23a1
206,POSR01_0166,5,1,positive_core,True,8d2e6e1d440e43944126ccd14ed8acbb
207,POSR01_0357,7,1,positive_core,True,b257876a0ac4449c8dcc09c86b5e038a
208,POSR01_0049,4,1,positive_core,True,901b27794fd713203cfbe9428fd89819
209,POSR01_0713,13,1,positive_core,True,b05aaac724d7d8c750529d32e92417bc
210,POSR01_0876,8,1,positive_core,True,cbdc46341416e180015b556b236ecf86
211,POSR01_0408,7,1,positive_core,True,c27bb2001924d217f17f1e6feb7f3727
212,POSR01_0721,13,1,positive_core,True,5f8340f44d3ecf9de99665b7c7711c6b
213,POSR01_0642,11,1,positive_core,True,43c1a025baf3b0902a0e8b9d9eec2e4a
214,POSR01_0325,6,1,positive_core,True,723063f7a9838fc98ae58e2901a5f383
215,POSR01_0120,5,1,positive_core,True,2545fa70f518d4069fb18790a3556d31
216,POSR01_0568,10,1,positive_core,True,c70c2cfda67e63aaac1e03ddda5f6b09
217,POSR01_0631,11,1,positive_core,True,aa222a20c435ebcd7ceb6b81d0dc1514
218,POSR01_0158,5,1,positive_core,True,daa7583310552b7c574cbbe3e28a02fa
219,POSR01_0298,6,1,positive_core,True,81505d7c59fc7377cda6d2adc28921bf
220,POSR01_0486,8,1,positive_core,True,89bf3e92bb1e205b42d331d449ca788f
221,POSR01_0409,7,1,positive_core,True,f7507ccbf90d19bc92b952962f4896de
222,POSR01_0224,5,1,positive_core,True,77b05beacf248d816de846df680999ce
223,POSR01_0026,4,1,positive_core,True,da28fb620d11012834ced81544afb173
224,POSR01_0246,6,1,positive_core,True,284259f9e0020d0280d90956d52a5bc8
225,POSR01_0502,9,1,positive_core,True,71ecb138899eec91592265dadf781401
226,POSR01_0286,6,1,positive_core,True,c32ad9633ac876eb76f058c3458155eb
227,POSR01_0661,12,1,positive_core,True,3308c17657f2849b000d3372076670f2
228,POSR01_0082,4,1,positive_core,True,79055950fc7b1c9a4c89343674144449
229,POSR01_0419,7,1,positive_core,True,79257ea218907be36b663f041e63064b
230,POSR01_0390,7,1,positive_core,True,c34b3cf856a23e314758f8200b3a0ae4
231,POSR01_0709,12,1,positive_core,True,fc1c29657cef00f621a88dfbef819d76
232,POSR01_0727,13,1,positive_core,True,d833602f9469fd6a992f336a4d6b4a07
233,POSR01_0272,6,1,positive_core,True,b42c766d39c7454dda1c834402df8ae4
234,POSR01_0168,5,1,positive_core,True,9fe3b20b076f7de6573a29f1bcca87ed
235,POSR01_0354,7,1,positive_core,True,50bb75b9faadf1014fb93516a67e3c44
236,POSR01_0081,4,1,positive_core,True,62e6f0058f4f0c2ba1e360db372014b5
237,POSR01_0154,5,1,positive_core,True,393baa714a3213b3fe72da5c891cb65d
238,POSR01_0887,9,1,positive_core,True,d6b483c76c8d1a3efd0018aa992a0394
239,POSR01_0330,6,1,positive_core,True,083568f7e41f66d576d504fb657a475f
240,POSR01_0841,5,1,positive_core,True,53c0d9c1fc9a48a246ad4f3dab0b5dd5
241,POSR01_0784,15,1,positive_core,True,b9f135c882865e64695b2db20446bc15
242,POSR01_0576,10,1,positive_core,True,d3791c508e196c11eef8ef08846d37b6
243,POSR01_0059,4,1,positive_core,True,2950450524ab728fc3fd0282a70c1f40
244,POSR01_0624,11,1,positive_core,True,62b9c5d8220790a0882ee86cc622f9ee
245,POSR01_0652,11,1,positive_core,True,d7c942a9c3dd57193be3d2aebe5cc71f
246,POSR01_0656,11,1,positive_core,True,649cb38c0d544a154544818f2bbf5665
247,POSR01_0767,14,1,positive_core,True,b87ef108cbb0f329b51b20ac1ed473b3
248,POSR01_0890,9,1,positive_core,True,f3536f94e2a7e71a1ea4e7703e0376c8
249,POSR01_0537,9,1,positive_core,True,180a4b8965653f1e3ce8700754e5ba41
250,POSR01_0515,9,1,positive_core,True,9c6615b3eb66b521832ec9a674f2d8be
251,POSR01_0293,6,1,positive_core,True,5a01195b5e7457fbb72384624cb2e641
252,POSR01_0432,8,1,positive_core,True,c98015e79f56d2c333a095b2963e933f
253,POSR01_0189,5,1,positive_core,True,f258d6d3d021c225a04242f1d676416f
254,POSR01_0416,7,1,positive_core,True,b71a7c70989f29be68bebd3d60759a40
255,POSR01_0745,13,1,positive_core,True,85e2c0bfb035773a89d2695bbe8eaafc
256,POSR01_0547,10,1,positive_core,True,62ccb1e14e2f53109012a505099338a8
257,POSR01_0569,10,1,positive_core,True,0be3b8d66b61bb98f7d1dd193385371a
258,POSR01_0308,6,1,positive_core,True,60604de6c42753633e6536d2cba2663c
259,POSR01_0821,18,1,positive_core,True,6e51b23587ce044fc5456c998e58428f
260,POSR01_0772,14,1,positive_core,True,d60b0cb3f1ab73e7b100d4c44fe7d433
261,POSR01_0509,9,1,positive_core,True,7b63707f710d4c7a1ba2020f4316a91d
262,POSR01_0375,7,1,positive_core,True,42c39357210a4ab18fa0f0c4dd2d2082
263,POSR01_0415,7,1,positive_core,True,0619adbb5b7d144d85248b90bd0d74e6
264,POSR01_0702,12,1,positive_core,True,65d03bbbba100ac0c09d3e837db14d1c
265,POSR01_0294,6,1,positive_core,True,bcaaca96f3205bf53defa99d9f012623
266,POSR01_0068,4,1,positive_core,True,065dee65aa1d8482f0ed54d423876c93
267,POSR01_0414,7,1,positive_core,True,9009c72a8b4d9738acfa0413190a0faf
268,POSR01_0510,9,1,positive_core,True,90954b4203faa84eef20c42fe52e570c
269,POSR01_0828,4,1,positive_core,True,6a1d23e6d17db53ce1348b7372fbe681
270,POSR01_0723,13,1,positive_core,True,3c5c7ff9a53eb808b1841f3f8f70a24a
271,POSR01_0834,4,1,positive_core,True,4085810ba19faeccc2d42afa62ff1ab2
272,POSR01_0393,7,1,positive_core,True,6818d37f78ec1b201a36cbf5c948c189
273,POSR01_0261,6,1,positive_core,True,6a871c271f84beddadcc726e1bdbb58e
274,POSR01_0156,5,1,positive_core,True,f97d53214a0fd7f5b5982ac78b56f4f7
275,POSR01_0056,4,1,positive_core,True,6742a0e4942ba2f6a5d8c5d67550850f
276,POSR01_0715,13,1,positive_core,True,e17e50f78e2f01563c3904e1178e2c3f
277,POSR01_0667,12,1,positive_core,True,0f4b9ed92a0fdcbcdb522b791ee6dc89
278,POSR01_0024,4,1,positive_core,True,361e34e5c0731b359a999e0ba0c5bbd1
279,POSR01_0137,5,1,positive_core,True,3d5b7ee1788628976fdbfa015ac6311a
280,POSR01_0889,9,1,positive_core,True,11afb55aeed9dc04f35260ccd18b7cdd
281,POSR01_0621,11,1,positive_core,True,a370e185854086b0bf21abc5f65a60cf
282,POSR01_0478,8,1,positive_core,True,ff4081556a25214e9afd0a8017d3f2ae
283,POSR01_0281,6,1,positive_core,True,6b9f090cb37e43a5d911655482233d1a
284,POSR01_0765,14,1,positive_core,True,b69affeec936d2c0e5490e762e4b08fd
285,POSR01_0738,13,1,positive_core,True,5134eb33228435ca0b7e1a8e05e964e5
286,POSR01_0117,5,1,positive_core,True,7036f451adfca0df16cdeac4947a81e6
287,POSR01_0407,7,1,positive_core,True,9e1c048d01df7285649ad73ab5b8084f
288,POSR01_0226,5,1,positive_core,True,24f84ff894a2e78c459996a18e5a6e4d
289,POSR01_0411,7,1,positive_core,True,433dee3844b6eca9e1981c1a8c21c5f1
290,POSR01_0856,5,1,positive_core,True,12ed715edef5cb1837483d99a9b6ea7b
291,POSR01_0896,14,1,positive_core,True,6d45c28478e6e36537207492383d5e2a
292,POSR01_0601,10,1,positive_core,True,1304478a6eae215a4e7482b3ae76aedd
293,POSR01_0724,13,1,positive_core,True,fc4705b4ad787036300a321ad9076354
294,POSR01_0857,6,1,positive_core,True,4f5655f50f383a38a3a09a8f305410f6
295,POSR01_0607,10,1,positive_core,True,626dc742a4ab7cda9bee13b075b1a8d2
296,POSR01_0535,9,1,positive_core,True,0743c9ed824518d45c22edb98a6691af
297,POSR01_0426,8,1,positive_core,True,a9ab7aca456b6d5766be62084a7d6a49
298,POSR01_0358,7,1,positive_core,True,1d874656eb1db80b07eb2988c56a9734
299,POSR01_0850,5,1,positive_core,True,9e0fb1a9634e9793868fc3b638e8aaa9
300,POSR01_0033,4,1,positive_core,True,d1f8a80818b9d42b05a1334085fb0117
301,POSR01_0546,9,1,positive_core,True,0abf7499cb807e4031891030d8cd8d2e
302,POSR01_0366,7,1,positive_core,True,2152c6275fc004916f472838eaa8eebe
303,POSR01_0648,11,1,positive_core,True,5121470014f8b89cac55aeecfdda889c
304,POSR01_0421,7,1,positive_core,True,ac3060fcc630d0f25be63bd7c7957db5
305,POSR01_0395,7,1,positive_core,True,81935c8eb78a9a42183a158ba9f0f5de
306,POSR01_0228,5,1,positive_core,True,4906939c8fce1571e8a678230d6a0071
307,POSR01_0332,6,1,positive_core,True,2491d5b5b498c6e46d58c8e9bf5eced1
308,POSR01_0893,11,1,positive_core,True,92a3af5f66821c3398f9d54aa4897abc
309,POSR01_0471,8,1,positive_core,True,94bfa8cf739cc8540da1cbb868f7b115
310,POSR01_0758,14,1,positive_core,True,1264af482aa7ef2cb13f757d5380c406
311,POSR01_0350,7,1,positive_core,True,c0d3b0e9f459d8f9ca603b3696562722
312,POSR01_0295,6,1,positive_core,True,909c26b6ac38bc296a83d42e20c8cb84
313,POSR01_0322,6,1,positive_core,True,63d6365e30677d446b308032620e5f70
314,POSR01_0473,8,1,positive_core,True,237d35bb799fe293026b46dd0cccac4f
315,POSR01_0339,6,1,positive_core,True,3840eea0a67a7e3395ebc916c6a041a5
316,POSR01_0614,11,1,positive_core,True,6866d573533eba03f8199945cd6dd2c0
317,POSR01_0175,5,1,positive_core,True,dd66dd02940b49c2f8f482c826743f42
318,POSR01_0111,5,1,positive_core,True,7a6c7f1ae31c93be32c61926c3d1a0e6
319,POSR01_0379,7,1,positive_core,True,62018a5afe3ae798966cd8aa743e74e4
320,POSR01_0080,4,1,positive_core,True,aa3c0b96b65dfbde50a54efd499f5788
321,POSR01_0106,4,1,positive_core,True,e51746d82297cc5d115e04824b8de685
322,POSR01_0050,4,1,positive_core,True,48e9b8a0f2e6b6a4b81ca3a6fc1d774b
323,POSR01_0062,4,1,positive_core,True,24aae59cb6427f8e4c7eca0e4760e1b1
324,POSR01_0100,4,1,positive_core,True,0f45ef1f43ff12a648a21eb384ed54de
325,POSR01_0115,5,1,positive_core,True,5dcd5263f700f48585e504da2785a0de
326,POSR01_0042,4,1,positive_core,True,c7235fe934ae94109507d5640dc4bac8
327,POSR01_0260,6,1,positive_core,True,dbebac71ddca15d3c9d56f0c49fdc24a
328,POSR01_0640,11,1,positive_core,True,8443e7752af8c239ffdcd33636d01817
329,POSR01_0505,9,1,positive_core,True,0f822dc40de631f846b5978cfff504d8
330,POSR01_0732,13,1,positive_core,True,a3addc7b922430f469c8e2dee722cb6c
331,POSR01_0734,13,1,positive_core,True,ac45b51757d48804c9ef404708100554
332,POSR01_0208,5,1,positive_core,True,26023fa927be48ce274dde5f11a45e3f
333,POSR01_0119,5,1,positive_core,True,07269c2bfdb057dd904cbf2ce55f7e3f
334,POSR01_0645,11,1,positive_core,True,c0a6e7648c94113063008a88265e3211
335,POSR01_0582,10,1,positive_core,True,32b3abb03216c583d154c403dc55f116
336,POSR01_0182,5,1,positive_core,True,81e8a8fbbf229303af7c23ecb2995e8d
337,POSR01_0275,6,1,positive_core,True,0f701210dbbd5932a3fbf96e69767be4
338,POSR01_0181,5,1,positive_core,True,fa468cf9dd000d7efc69c2179d64be37
339,POSR01_0472,8,1,positive_core,True,f0a2aac80763a0d305cad97ac3552f00
340,POSR01_0121,5,1,positive_core,True,f6df5d143927ee9a331b5df37eb55a40
341,POSR01_0176,5,1,positive_core,True,a838c1ba0793f32bfba027dbc6d8f098
342,POSR01_0353,7,1,positive_core,True,94969044c26932b5d76af23627e203c5
343,POSR01_0872,7,1,positive_core,True,a66c89168ee766b242f40c6cafe35004
344,POSR01_0233,5,1,positive_core,True,38d0cda63dbff6f9b415820b10d06502
345,POSR01_0265,6,1,positive_core,True,25ae0f259d21e8f84bbcb170f82ff4d8
346,POSR01_0674,12,1,positive_core,True,721ed3fbeb9b5ba47c41dc5485548317
347,POSR01_0864,6,1,positive_core,True,37f9a398056d32ef40164afd52ee853f
348,POSR01_0203,5,1,positive_core,True,1b040995aafb5dedfbcf58e7e2d87756
349,POSR01_0017,4,1,positive_core,True,7e9f5f08a5dcd632f27a6a87ef34b566
350,POSR01_0557,10,1,positive_core,True,2a10b6fddb8354e8f0174472287e7916
351,POSR01_0898,17,1,positive_core,True,04ea4a7d71a82107a9616085ff8b753d
352,POSR01_0133,5,1,positive_core,True,abcc49a868c10f1f04ba72874a7649f7
353,POSR01_0179,5,1,positive_core,True,68b56844ef55da11a5470ebcbab8b54c
354,POSR01_0280,6,1,positive_core,True,4b19bfa1314eaa35872356c6d975df3a
355,POSR01_0833,4,1,positive_core,True,0fe2a50ce35443c1816beb5371187ae4
356,POSR01_0372,7,1,positive_core,True,e10b2e3497f27d2b72157228e8bc2ec2
357,POSR01_0381,7,1,positive_core,True,ab58604d34d9b6bdcf1cd8de3ffaee90
358,POSR01_0466,8,1,positive_core,True,87999578600f124ce186e3c0497adec7
359,POSR01_0317,6,1,positive_core,True,1422543b18dbadeac4be811345a4fb67
360,POSR01_0604,10,1,positive_core,True,87073448522cb9a307f034f7c0f1ae5f
361,POSR01_0565,10,1,positive_core,True,f609b51ced84d5ad75adeb0d1b7a2210
362,POSR01_0157,5,1,positive_core,True,33f2451f290c6c431304b974635a1242
363,POSR01_0718,13,1,positive_core,True,64d79f13c1df74ab18f7a1e8a7a1496e
364,POSR01_0692,12,1,positive_core,True,86acc32d8ec1de528a233d3b7ab0ae5b
365,POSR01_0840,5,1,positive_core,True,2cac6a45082411d47b61c9ba09111b31
366,POSR01_0858,6,1,positive_core,True,05c7aabad06717ca551dcd2544942a68
367,POSR01_0848,5,1,positive_core,True,17dc257bab076afa9bec63eb724b0c83
368,POSR01_0296,6,1,positive_core,True,de246453d21453978733001fda93579f
369,POSR01_0227,5,1,positive_core,True,b145e070375c2a4d83c6f5db4800a20f
370,POSR01_0777,14,1,positive_core,True,76ea4dd65bea0bae76fffd2c337d9284
371,POSR01_0873,7,1,positive_core,True,2693c8f4b0e7841a803d08fed2c81670
372,POSR01_0075,4,1,positive_core,True,55ac81136e4d34c0dda9d3c747554ed5
373,POSR01_0793,15,1,positive_core,True,f471caa3bb820aae45c3ee9d0cf38871
374,POSR01_0538,9,1,positive_core,True,f9d8d3d6b0b1477b1bdc915583d8ec76
375,POSR01_0829,4,1,positive_core,True,a4e3fe9faede092789bf8d883400fd5e
376,POSR01_0027,4,1,positive_core,True,0bffffb0e7ec4d5ccd89b02b705c1672
377,POSR01_0387,7,1,positive_core,True,0eaf5a7c995f7a5a96687b4b9aa9f982
378,POSR01_0348,6,1,positive_core,True,fa10d8abdedf5fd405cb8d91a7817143
379,POSR01_0430,8,1,positive_core,True,bc60bb8103bda22d84c9dc51dd001d1a
380,POSR01_0503,9,1,positive_core,True,4ca0109d0dce79fdf68880541a19a916
381,POSR01_0451,8,1,positive_core,True,444c7d5803c32cc182eded097c83bf77
382,POSR01_0391,7,1,positive_core,True,5b7fba5f250aec198778f504777596f7
383,POSR01_0335,6,1,positive_core,True,d070781d8247dbbe2f2f4c68dc51a757
384,POSR01_0041,4,1,positive_core,True,36c679631f207794dc46a1dd9d9fa429
385,POSR01_0206,5,1,positive_core,True,2b83dc747f7471518816774cfb51e616
386,POSR01_0005,4,1,positive_core,True,f5a31d8e55ce30ae7c6184642cc68e50
387,POSR01_0561,10,1,positive_core,True,366442a51492433074a6c36431e7cb81
388,POSR01_0562,10,1,positive_core,True,accff9352eae6d3586a9681f0881f9fd
389,POSR01_0749,13,1,positive_core,True,507557f44c1983fa199ce8fe2f2651d2
390,POSR01_0107,4,1,positive_core,True,470fd4d00395e757e683292dea68ebc1
391,POSR01_0209,5,1,positive_core,True,af82a87ed74f1c4aad503722ab65713f
392,POSR01_0184,5,1,positive_core,True,d1edb328c2c38757ba6059bc2c7f9641
393,POSR01_0267,6,1,positive_core,True,661d578f8c1d15d9d93512864da20c93
394,POSR01_0886,9,1,positive_core,True,437ff817f0f689c2b3fa900f07eb0ddc
395,POSR01_0134,5,1,positive_core,True,ff6c99e07f130841be7903cf0d4e22de
396,POSR01_0779,14,1,positive_core,True,3fee9bebcd2403055c82b8fc313e62a1
397,POSR01_0843,5,1,positive_core,True,13453e278a917720a9e69328f49a675c
398,POSR01_0791,15,1,positive_core,True,76fba4499d13b6e6a9774392a58f5610
399,POSR01_0071,4,1,positive_core,True,6b3dce2416d2606b981087b48cafbc5d
400,POSR01_0719,13,1,positive_core,True,e236aa19fa068be631e6c5e67261989b
401,POSR01_0253,6,1,positive_core,True,a440ff2ea68a6dee7fbcd358229feaff
402,POSR01_0484,8,1,positive_core,True,7d66cdf748ab18c8240973d445b02aff
403,POSR01_0016,4,1,positive_core,True,93297c63dffa49b64d37b75a4736d126
404,POSR01_0632,11,1,positive_core,True,6175ce3882f1f62554df1340d33b48d3
405,POSR01_0373,7,1,positive_core,True,477f459983010bb224051984e5788d2f
406,POSR01_0865,6,1,positive_core,True,ca5cca56f7ba732d58008a7f2c3f6a12
407,POSR01_0376,7,1,positive_core,True,fd337f0c0ced2443d520096dbe251a79
408,POSR01_0798,15,1,positive_core,True,b30645968f445f6774feedca7c1d509a
409,POSR01_0205,5,1,positive_core,True,e8cacbf9763bbf1e082a55159c3294bd
410,POSR01_0341,6,1,positive_core,True,415db9111e6afd32729fdbde45f3be4a
411,POSR01_0048,4,1,positive_core,True,27e8e127cedee9e699bc4d6c4df5af2a
412,POSR01_0278,6,1,positive_core,True,5f1630aedd519773d786bddc0dce093a
413,POSR01_0160,5,1,positive_core,True,e3c38ad601ad1161da5966792bb61d82
414,POSR01_0344,6,1,positive_core,True,0180411de65962222d7c8f420e357a08
415,POSR01_0617,11,1,positive_core,True,59671e2f52ab9b21f612f4fbde568bd6
416,POSR01_0768,14,1,positive_core,True,1297f3cf16528b45266f50b01ae028e5
417,POSR01_0554,10,1,positive_core,True,389501b912bbfd56fc45710df7a31f5b
418,POSR01_0883,8,1,positive_core,True,a1fa2c84dc50045a32ed3424398d19c3
419,POSR01_0282,6,1,positive_core,True,386f13304a2ab610cce5eee526e2f451
420,POSR01_0487,8,1,positive_core,True,c3e28fdb8aabc03ae06b476d98a84934
421,POSR01_0336,6,1,positive_core,True,5a2dd40cf9a57cc6ebd057edb32be129
422,POSR01_0757,14,1,positive_core,True,5f70c15a94bc72d4d558437d95008f97
423,POSR01_0152,5,1,positive_core,True,676bab96cc5b8c1446e442262fceb3ee
424,POSR01_0320,6,1,positive_core,True,561f6af12d860e65b13a5f91773a2134
425,POSR01_0616,11,1,positive_core,True,9cb722bc4d67aa113ed5b179555a36fb
426,POSR01_0343,6,1,positive_core,True,ca23b5066447f2c74106260fc3c784b1
427,POSR01_0378,7,1,positive_core,True,7497a2425e1523cef17f6030ef082342
428,POSR01_0413,7,1,positive_core,True,ab501b33787291879452afbefc152946
429,POSR01_0790,15,1,positive_core,True,6a62fce065b020acc0d4539e3a5b5830
430,POSR01_0171,5,1,positive_core,True,f4b51949aedcae05854090450acc6e9d
431,POSR01_0190,5,1,positive_core,True,c8b830dd7f0dfc3a84216a09808bfbeb
432,POSR01_0385,7,1,positive_core,True,ef3dbb18b22183184a1ff55662dc73c8
433,POSR01_0831,4,1,positive_core,True,48961942f744de6a296413637aef7810
434,POSR01_0853,5,1,positive_core,True,ac343be21eb8b545b554072141521de3
435,POSR01_0028,4,1,positive_core,True,88a7b6ea09adaa65c6e15e7855164bca
436,POSR01_0549,10,1,positive_core,True,5dd1b04370404bbccdd8115d5ad9f250
437,POSR01_0444,8,1,positive_core,True,6c491a3ec4e4b2f276dcdedf0df69253
438,POSR01_0598,10,1,positive_core,True,36cb046b9a7f44fe94a510f54bd00162
439,POSR01_0736,13,1,positive_core,True,840dd04ea9bee309a701bc707ad7fd28
440,POSR01_0299,6,1,positive_core,True,f98af9fcec0dc676d045959b5a6e62f9
441,POSR01_0770,14,1,positive_core,True,9cb9c4661564b675a22a68d47f03f57f
442,POSR01_0450,8,1,positive_core,True,ce4ce1e0f573c91ef68ebfb472feacfa
443,POSR01_0747,13,1,positive_core,True,e52c41aba49df8cca092a139dd513093
444,POSR01_0135,5,1,positive_core,True,6fea0034385b8be97d1abcd735f59106
445,POSR01_0239,5,1,positive_core,True,7a8476c559977f07b66268028ded52cb
446,POSR01_0301,6,1,positive_core,True,1a105520a74985b60dd9d2d14615a9ff
447,POSR01_0668,12,1,positive_core,True,91bcd96b95d277741621473085cecc04
448,POSR01_0249,6,1,positive_core,True,5b82d251429dd25fd3439f13cf08b425
449,POSR01_0268,6,1,positive_core,True,14c0f67cf1d83754486a4107027c6c50
450,POSR01_0521,9,1,positive_core,True,3f38f173000e617b1148bbebc7803d4e
451,POSR01_0457,8,1,positive_core,True,c64e55887013fb354cde816d0a640c3c
452,POSR01_0025,4,1,positive_core,True,fa77d23781c0cf7439a1e4c9ae88465b
453,POSR01_0125,5,1,positive_core,True,61f105c036dff532edccd4dc9fd22259
454,POSR01_0545,9,1,positive_core,True,47b7539468f529e3bf7f17d73a3ad448
455,POSR01_0495,9,1,positive_core,True,5b9279238e18d014976695e8a710d518
456,POSR01_0130,5,1,positive_core,True,c34baaabaceb4aae2975dc7a2d63e19a
457,POSR01_0717,13,1,positive_core,True,967ddd29b74e3dac39025f01c454f1af
458,POSR01_0384,7,1,positive_core,True,685840342b19a25ff931eac68990f259
459,POSR01_0815,17,1,positive_core,True,d506307b5b3b7643cb305d66e4a479ca
460,POSR01_0693,12,1,positive_core,True,c8388eabf4ec1e3bc7cecdcc51c2698a
461,POSR01_0263,6,1,positive_core,True,84758a1e5d2cc950a02b901ba79a0c0e
462,POSR01_0147,5,1,positive_core,True,d3c4a7919a677a11dfffed609d6da3e3
463,POSR01_0483,8,1,positive_core,True,acf49cdb32f025530f0fd468a898a6ec
464,POSR01_0845,5,1,positive_core,True,790dedfa055003a8f2da7d38996e7bd3
465,POSR01_0446,8,1,positive_core,True,03ef9cf5bc0036e34e33eaeaeb3ffb54
466,POSR01_0337,6,1,positive_core,True,d4b197bc9de3ce8bf034e961317a9c35
467,POSR01_0359,7,1,positive_core,True,f22c997cc640821955c6117dc3809c5b
468,POSR01_0461,8,1,positive_core,True,a352d0efe7408f09c547413fcf4913ff
469,POSR01_0307,6,1,positive_core,True,16625327979ef6ae9ec2bed1cb7260a6
470,POSR01_0706,12,1,positive_core,True,c3893e59cc744e071afb82da9538e162
471,POSR01_0482,8,1,positive_core,True,afc3f9bdb42cadf9af27af38ff1627f7
472,POSR01_0251,6,1,positive_core,True,c38b533f0f736a67d8da4761024f0be3
473,POSR01_0805,16,1,positive_core,True,e6a038d845b6c1fbccdf410780b81dbc
474,POSR01_0088,4,1,positive_core,True,f2cd0ad773e01735872c7bca7be89bb4
475,POSR01_0608,10,1,positive_core,True,98ec764e45776eab3f1abb12add4bf64
476,POSR01_0636,11,1,positive_core,True,b90563898712e5fc02c073371e799edf
477,POSR01_0368,7,1,positive_core,True,08bd5dc76c65d61b28d27df932ea6625
478,POSR01_0235,5,1,positive_core,True,d17a60b0291988e07ad795b33f7160d2
479,POSR01_0714,13,1,positive_core,True,b2b3fc931a68da5e9561c27b10038c91
480,POSR01_0434,8,1,positive_core,True,2585309fa88b51a2d9efe7a6ca463e4a
481,POSR01_0596,10,1,positive_core,True,d89ec29f69cb97ab8e50f9007d7191d7
482,POSR01_0691,12,1,positive_core,True,41e79ff21144964f2c8e9db7ce854765
483,POSR01_0654,11,1,positive_core,True,e04aabd9030e6518376358183e81bdb4
484,POSR01_0605,10,1,positive_core,True,c8ea8cb33837f1db3c05795bc9ca9342
485,POSR01_0789,15,1,positive_core,True,54212e020a2ea4de3a10fd656085cb29
486,POSR01_0143,5,1,positive_core,True,140251b517891c9fcd7e4581b2667a39
487,POSR01_0255,6,1,positive_core,True,11795100ed0ff78195bbc34d9a501edc
488,POSR01_0178,5,1,positive_core,True,b4e9589782e5072071b76eae379d7b9e
489,POSR01_0327,6,1,positive_core,True,592f5bb69b921f96674b50cbc9b2807a
490,POSR01_0412,7,1,positive_core,True,7e8440d50091a2d67540efaf03781fb2
491,POSR01_0102,4,1,positive_core,True,1cef0dec400ca2683b22d2ff3d7c9da2
492,POSR01_0643,11,1,positive_core,True,2d65fba2e8797723fc3a4c44fb5424d8
493,POSR01_0237,5,1,positive_core,True,1ad0ec33bcedfbaf1d03a94478e58f9a
494,POSR01_0001,4,1,positive_core,True,bd16604d5f181ba533e088a34b7d5aad
495,POSR01_0579,10,1,positive_core,True,732be5b051418f5ae9fe5fe97810a00f
496,POSR01_0870,7,1,positive_core,True,cbd294836c151a163278bd0ff00b2800
497,POSR01_0744,13,1,positive_core,True,32bf95f749eb48626a4f3be9e67d014d
498,POSR01_0574,10,1,positive_core,True,53754a544683dd99c847c4b3fad1336d
499,POSR01_0851,5,1,positive_core,True,99ef0713205a8d96c023883372a79097
500,POSR01_0164,5,1,positive_core,True,d263caf8d0a1daa2ca1a9d40beea386f
501,POSR01_0038,4,1,positive_core,True,6aabf7e85b5b6b7393ddbe8e88a974b5
502,POSR01_0689,12,1,positive_core,True,743805daccb828fd38d14d32a8f60f72
503,POSR01_0118,5,1,positive_core,True,a43fc8d899b5c681ec93dcc634a009f5
504,POSR01_0448,8,1,positive_core,True,c184dad1131540b14865a77df0eceb56
505,POSR01_0880,8,1,positive_core,True,d7d26e57917db0895dcfdac02ea38c69
506,POSR01_0403,7,1,positive_core,True,3bdc7503b6e88f4c81c422c92dbedb6e
507,POSR01_0866,7,1,positive_core,True,1f55473fd0e1fa537fd10f4333a52603
508,POSR01_0435,8,1,positive_core,True,e0db8040034112e442fd25ad1e175dfb
509,POSR01_0794,15,1,positive_core,True,a055a2f423bebba916e1532f1b3233d2
510,POSR01_0089,4,1,positive_core,True,ccfac9c564be4ce5b94d06e5c3d31d95
511,POSR01_0116,5,1,positive_core,True,7f9112ea3fda75c2bd6ba403848242b4
512,POSR01_0197,5,1,positive_core,True,6c2ae1859e09816181fda721ee3a4db1
513,POSR01_0047,4,1,positive_core,True,6873112cb3c7b74061342781b57607c4
514,POSR01_0438,8,1,positive_core,True,ce9bb7263c13a6a4c9e7fadab71ca5b0
515,POSR01_0684,12,1,positive_core,True,110a96e5097eb41db2eac92987bd4ddc
516,POSR01_0542,9,1,positive_core,True,e7644e7674b11fdc1349332ef0d2f89f
517,POSR01_0633,11,1,positive_core,True,64195911794520e48adeebad9069f92a
518,POSR01_0340,6,1,positive_core,True,5b37c3fafe7d6b371e93c086dc4dae23
519,POSR01_0162,5,1,positive_core,True,a917f53376a37e33a4d6501ef43ac0e4
520,POSR01_0584,10,1,positive_core,True,ad15993244840982e9190cba5eec262e
521,POSR01_0504,9,1,positive_core,True,3d76e6ee61b0709f95d2c882c4f23e77
522,POSR01_0888,9,1,positive_core,True,5be271e403ef16eb33adb49e2bbb591f
523,POSR01_0406,7,1,positive_core,True,87971da38e89766750b3e6ad30956fc7
524,POSR01_0291,6,1,positive_core,True,77918ea6c6b0aab023dda2190f00d68d
525,POSR01_0039,4,1,positive_core,True,9a7494680efef2d25fb87729eb4ba5e7
526,POSR01_0761,14,1,positive_core,True,64d39ad0abf5cb77408145c3da75f9bf
527,POSR01_0778,14,1,positive_core,True,4a755615072f2b39e620b41ea835fe5c
528,POSR01_0685,12,1,positive_core,True,5606b8ed87b223c84abaf604897683dd
529,POSR01_0328,6,1,positive_core,True,225958d8c7ed30919e1876c58c7d9dd2
530,POSR01_0540,9,1,positive_core,True,1a83ff9db5dd0c28e9e4b1d3157642e8
531,POSR01_0556,10,1,positive_core,True,1b8e1c74a756e5b400c763367ba40745
532,POSR01_0637,11,1,positive_core,True,3c409e94052a40eb77d08a32548f3cf9
533,POSR01_0671,12,1,positive_core,True,6d8b82146bafbceae289e0dc95c77123
534,POSR01_0193,5,1,positive_core,True,f57a9f70221549a1851fbbee9811ded7
535,POSR01_0507,9,1,positive_core,True,e50cb94655f8eb7785643c13741a8221
536,POSR01_0816,17,1,positive_core,True,c66431ff25ef108860aeef755efbbb75
537,POSR01_0177,5,1,positive_core,True,63451596a42e623de84e7083c8259968
538,POSR01_0526,9,1,positive_core,True,d365494fbf8bbabff15b546474d2b28a
539,POSR01_0404,7,1,positive_core,True,7db69093505c6430b05ba899468573a1
540,POSR01_0186,5,1,positive_core,True,0fd7802e7ecde2a8b18031fb67bc680b
541,POSR01_0707,12,1,positive_core,True,83324eae66e015602399221c8c06356a
542,POSR01_0541,9,1,positive_core,True,8886abbae8b356ef9029302fdec59398
543,POSR01_0500,9,1,positive_core,True,395f1a127016f33bbf6c9eec73a527d3
544,POSR01_0594,10,1,positive_core,True,2e4cae22c209e5f2d99fd50a43da4285
545,POSR01_0892,11,1,positive_core,True,8623123145106c3e1c3049bbb9b595df
546,POSR01_0443,8,1,positive_core,True,ead430eafcbef3421c4fc420bb1a8b57
547,POSR01_0201,5,1,positive_core,True,7957fcdf40d34d90b0c389e0ec3604d0
548,POSR01_0069,4,1,positive_core,True,7c522f75189e9284ec3b6af1c2be5d9e
549,POSR01_0729,13,1,positive_core,True,ee32c01c1afc681305f007cfa70f6290
550,POSR01_0245,6,1,positive_core,True,7677784a52b64063c703b1ec3e471008
551,POSR01_0766,14,1,positive_core,True,2374113d28b25a1805cf6baeaa32b2cf
552,POSR01_0383,7,1,positive_core,True,47c259b2f0ae9d7813505fe6b37a1f8e
553,POSR01_0065,4,1,positive_core,True,56fb3b9548bfa2ea5d0b941c046e1247
554,POSR01_0254,6,1,positive_core,True,755af987d7490db739a00bca116c0c17
555,POSR01_0013,4,1,positive_core,True,18adc44eda365913a76116b5b159ffae
556,POSR01_0019,4,1,positive_core,True,a6f53752cd5992ef83776d032437d5fc
557,POSR01_0581,10,1,positive_core,True,ccf6d6e8659aa7ef8b0e0739b4388c19
558,POSR01_0775,14,1,positive_core,True,f2470827d4fb424502cd545a351818b4
559,POSR01_0480,8,1,positive_core,True,99a436e87ad430c895c866a4a947a2f5
560,POSR01_0405,7,1,positive_core,True,77c2b0259f9e94ee71c58458bfd7ad57
561,POSR01_0229,5,1,positive_core,True,18a75c03cd4f23471c891d1dab04abe6
562,POSR01_0310,6,1,positive_core,True,44e5a8947861939208a269c661244673
563,POSR01_0563,10,1,positive_core,True,f3d845e3bf8e066d5f22888dd331775c
564,POSR01_0566,10,1,positive_core,True,a631de94d08a6f42ad60522d11493188
565,POSR01_0764,14,1,positive_core,True,bad54b507235b878b5398fb8c9c19cfa
566,POSR01_0441,8,1,positive_core,True,ba7736acd97809426eb88da442a875a6
567,POSR01_0619,11,1,positive_core,True,bb5066021d55f7924b578499edd9ad00
568,POSR01_0690,12,1,positive_core,True,f5e3e3781d2136e79e2ef7392cb710ce
569,POSR01_0572,10,1,positive_core,True,92d189adf0172b5e1b7afb5ae87b77a1
570,POSR01_0108,4,1,positive_core,True,241ee3fa36ba27f7927b83b11a166c8c
571,POSR01_0874,8,1,positive_core,True,07cb3cc1ebe47a16dd53cc9013615ccb
572,POSR01_0835,4,1,positive_core,True,9cd5fefcebc4f78f0fb0133093cd1a03
573,POSR01_0776,14,1,positive_core,True,fdd2b36e77ad6e87cdbcf0303e65f9f6
574,POSR01_0397,7,1,positive_core,True,2f4cc1d75897af24fcaf8c2f36aa84eb
575,POSR01_0292,6,1,positive_core,True,0c6573f727fcc7d3a1e9e182ac771ea8
576,POSR01_0625,11,1,positive_core,True,ff2682b6cf1bccc6f0263c41b667f020
577,POSR01_0630,11,1,positive_core,True,5fe6b9a00f615b4e308c244a958b5158
578,POSR01_0217,5,1,positive_core,True,f6efdca7631aee1f1a8917214fb51c1b
579,POSR01_0494,9,1,positive_core,True,dbcfefb71bcbe876d347f7cb9f43c43e
580,POSR01_0647,11,1,positive_core,True,6f8fa38306d5892e9e6603026d62a5be
581,POSR01_0037,4,1,positive_core,True,9a8e6944c0af1a582d8a3259ce85b9e9
582,POSR01_0458,8,1,positive_core,True,87cb4f60b711b0ad53a639893d7bad82
583,POSR01_0583,10,1,positive_core,True,f115721cae00f97108d01d191da9a2d2
584,POSR01_0626,11,1,positive_core,True,f8915bdb502400944f1bedcecc58d44d
585,POSR01_0243,5,1,positive_core,True,6cd7ea154eb83916f6804069a3e9e481
586,POSR01_0315,6,1,positive_core,True,6fa90422816e5f223e99863f37a1ef58
587,POSR01_0585,10,1,positive_core,True,1c617719c01bc246c72b96f6c2c80ebd
588,POSR01_0352,7,1,positive_core,True,f80cb205eb3c8e3b9cb28d3d3d7d8216
589,POSR01_0501,9,1,positive_core,True,1b911287b6d0a480232fbe5b38e33ac3
590,POSR01_0687,12,1,positive_core,True,c494de41a80838d782858afe249dca87
591,POSR01_0374,7,1,positive_core,True,6cf746f813580e8d5c5c7da9637a8dde
592,POSR01_0739,13,1,positive_core,True,5b5dcf240406d59fa3b998cede27a916
593,POSR01_0610,10,1,positive_core,True,f6b5c8ac7b08a7b61a7dfbdaf6f138d8
594,POSR01_0351,7,1,positive_core,True,4b73996d2fbb45ab57df10fb45d39626
595,POSR01_0564,10,1,positive_core,True,675a909f49e21c430654b6400a55f175
596,POSR01_0029,4,1,positive_core,True,ddeacdd0949b1ab9a82bba1437d53cb1
597,POSR01_0347,6,1,positive_core,True,385f9346718c244cfe92be7fdcba223e
598,POSR01_0663,12,1,positive_core,True,74def0492285ee69a1f581c0f4363b2d
599,POSR01_0543,9,1,positive_core,True,c164b6b7f0a56b83de0013ca511fc056
600,POSR01_0052,4,1,positive_core,True,81b2d5feae811b7e450370c6e67da10a
601,POSR01_0512,9,1,positive_core,True,d4fffb816b827ff3ad4464e32eab41f3
602,POSR01_0095,4,1,positive_core,True,7b05b16b6839dca07adcbca6dc54b528
603,POSR01_0094,4,1,positive_core,True,dc2033146e7d8523b550ac8345751aae
604,POSR01_0417,7,1,positive_core,True,205ac7170d32179f9e36dcfbafd228c9
605,POSR01_0622,11,1,positive_core,True,4b3a53ccf9d42bc2d162a534c2e22468
606,POSR01_0861,6,1,positive_core,True,e55b0f0d9e5e27e0b0d7830da249f565
607,POSR01_0782,15,1,positive_core,True,6f23f313f69fe279fbacce1858403077
608,POSR01_0837,4,1,positive_core,True,33adae4a786033100f929c72f2d4d3ff
609,POSR01_0349,6,1,positive_core,True,ea65239d0cabf52e1eeac469e257d833
610,POSR01_0285,6,1,positive_core,True,cf6d5b5de51755be9a6222221fe9d6e9
611,POSR01_0109,4,1,positive_core,True,b1b8a599e26ee216992ab16a3c1900c2
612,POSR01_0760,14,1,positive_core,True,f5680d809e77514fb1a41e249a060a7a
613,POSR01_0362,7,1,positive_core,True,69e2e3fe1c9af61b65d4f0b8397145fe
614,POSR01_0511,9,1,positive_core,True,0af06db230f32f497d10e4d401838a03
615,POSR01_0788,15,1,positive_core,True,d9af4bce3400add5c8c316da5ba62bf8
616,POSR01_0367,7,1,positive_core,True,39751be64ff1296c153a77a57ab0989e
617,POSR01_0083,4,1,positive_core,True,f8d975213165abc14b0f3c5c0d4559af
618,POSR01_0489,8,1,positive_core,True,59aef5deb1f7ff248af34e15a33128bc
619,POSR01_0756,14,1,positive_core,True,bf74bd1be7b5f69204bd7a0080b28b3f
620,POSR01_0169,5,1,positive_core,True,efc7b5496d187e344ca2904a4f71a608
621,POSR01_0174,5,1,positive_core,True,a7a879100ab53ce8d7b3376658a33dd5
622,POSR01_0463,8,1,positive_core,True,6396f19d9b6f5c59968c1d7811fc17f6
623,POSR01_0725,13,1,positive_core,True,556f8444f09b1ce0b03af9d9727d01b8
624,POSR01_0188,5,1,positive_core,True,26eb89133e75761eb47d5e8a547e9937
625,POSR01_0442,8,1,positive_core,True,e79cd2b4970c6a0dd8762cf1ca2fb84b
626,POSR01_0440,8,1,positive_core,True,096eb6d3dbf9ff3e1057db95da93bf76
627,POSR01_0363,7,1,positive_core,True,10c36b64d235076c08c87c25930bc848
628,POSR01_0194,5,1,positive_core,True,8b99472571a163a4cba181c499d22488
629,POSR01_0283,6,1,positive_core,True,b91c65118900da4b6d05f09f7dde32f4
630,POSR01_0266,6,1,positive_core,True,4f0d89d9f5dc9ae43faa13863d11cddc
631,POSR01_0644,11,1,positive_core,True,a12ee8d00da4baf35cea4f28a00de567
632,POSR01_0669,12,1,positive_core,True,b57243a711c787aeb856d0479ffc14f8
633,POSR01_0516,9,1,positive_core,True,62fb942fb202ee530d39092a09b27e28
634,POSR01_0728,13,1,positive_core,True,969c84af1e21fa339ba8f3d26d998f85
635,POSR01_0453,8,1,positive_core,True,0d6b7fb05b31b7d4537bc2585b27cbb1
636,POSR01_0305,6,1,positive_core,True,e4efe04c11131ddd7145be8013a3089b
637,POSR01_0124,5,1,positive_core,True,3a2af74521ef294cfd131c85c28740ee
638,POSR01_0773,14,1,positive_core,True,b6ad7cf9ab669243381ef72ec1e4408e
639,POSR01_0832,4,1,positive_core,True,690ebb6ac69b0d6f883eda1913d96e68
640,POSR01_0221,5,1,positive_core,True,c4fbedf2cc935d529147f07a1ec3a435
641,POSR01_0697,12,1,positive_core,True,dc4e318cf854c6105e6c8a5d09268d2a
642,POSR01_0297,6,1,positive_core,True,dbc32205db3c9830c18e33db067eb4c7
643,POSR01_0895,12,1,positive_core,True,ce013857c1644beb9bc98e87fb0e519a
644,POSR01_0420,7,1,positive_core,True,ef7bdc8ea27dde1850cebeda1533a6e2
645,POSR01_0290,6,1,positive_core,True,671836fc6a49bdb8f1a8c5f7ade730f4
646,POSR01_0053,4,1,positive_core,True,766b16bd09ad62ab9bee36eb795d608e
647,POSR01_0498,9,1,positive_core,True,712332e1b8967b652ee9ab09b4f1c5fa
648,POSR01_0733,13,1,positive_core,True,f9fb907ccb5ca69889d775f2aff8a55d
649,POSR01_0799,16,1,positive_core,True,bef91a3b11a7f4ecfbe8bb3eabd01457
650,POSR01_0737,13,1,positive_core,True,106b700b4d62eb27c5c450f32f64d407
651,POSR01_0382,7,1,positive_core,True,7d931fca315f8a0fc2ca863ebcd54d72
652,POSR01_0289,6,1,positive_core,True,312faac3a081342cef59a7d937a6fd4f
653,POSR01_0742,13,1,positive_core,True,4995a06e828afdd4a69d1f39bc87779b
654,POSR01_0070,4,1,positive_core,True,779fc80a7e3577895d395e93a2f96153
655,POSR01_0207,5,1,positive_core,True,9cb8c48c72e252db95adfb7647ac65d0
656,POSR01_0014,4,1,positive_core,True,569cc537b75a839a908ac92c943a7e6a
657,POSR01_0398,7,1,positive_core,True,4f35cf8b3eeb4c33791832bf7ab2effc
658,POSR01_0223,5,1,positive_core,True,b4ab339a216eaac7dffd384df7fc081a
659,POSR01_0731,13,1,positive_core,True,abd71b43ac39e9a91ce018db614e56d8
660,POSR01_0590,10,1,positive_core,True,f7d8b7a9d60037685930b4453390e863
661,POSR01_0748,13,1,positive_core,True,ebd04d272fbf3f7ecdd2f21e1434866d
662,POSR01_0173,5,1,positive_core,True,0c456af72c246976c76894f7264cec3f
663,POSR01_0238,5,1,positive_core,True,78133cd69a1a9e7fb33c15254baafdf5
664,POSR01_0476,8,1,positive_core,True,c81116af327e29e38bfce52dbe2e2897
665,POSR01_0216,5,1,positive_core,True,8752643810fad93165ca7f4d70a53e47
666,POSR01_0871,7,1,positive_core,True,e90b6b397c66cd061147b49c15a66698
667,POSR01_0646,11,1,positive_core,True,7c21943579ea1d621f884ef9b38d70f9
668,POSR01_0846,5,1,positive_core,True,157ba13cc87f849a7331fcaf0c77ebe8
669,POSR01_0493,9,1,positive_core,True,776e0e70a746eed8fa33bf0862132b94
670,POSR01_0838,5,1,positive_core,True,5834cc00b2e63d159dd2f9531158d38d
671,POSR01_0878,8,1,positive_core,True,dd83b0e684191e34f094aefbba81a790
672,POSR01_0488,8,1,positive_core,True,ccfe34d979903a121a3396b43393b4e3
673,POSR01_0144,5,1,positive_core,True,b0781127b480ef589171597c4980f270
674,POSR01_0506,9,1,positive_core,True,782f92c4f2be6aaee594e5300fe1ec81
675,POSR01_0665,12,1,positive_core,True,92c93f9c9e3782bd2101400dc83fe7a0
676,POSR01_0555,10,1,positive_core,True,57fb21a6a4c0cf18b511dd3710146034
677,POSR01_0534,9,1,positive_core,True,1e6688c6893f22722baf9e30f59c3101
678,POSR01_0045,4,1,positive_core,True,ecfb8d0460243c5b7e98610c660d7580
679,POSR01_0008,4,1,positive_core,True,0005667ae0a5f067e8aebefe699ba66d
680,POSR01_0513,9,1,positive_core,True,46c8110fdd1940f471d59e43b2608ebf
681,POSR01_0338,6,1,positive_core,True,a4189fb1b6d4177f6d031dbe611ac77b
682,POSR01_0655,11,1,positive_core,True,f5bbf1b957bd8996516e56026202a861
683,POSR01_0211,5,1,positive_core,True,c4a99b136e547b29160cc88bfb19d223
684,POSR01_0897,15,1,positive_core,True,4d86ee65b9a015a14659f2c5b0c7e1d5
685,POSR01_0670,12,1,positive_core,True,d65095acf33c533525615344e839883b
686,POSR01_0063,4,1,positive_core,True,334d9c91a6448f5960923aaf42ff7048
687,POSR01_0649,11,1,positive_core,True,795926d736def6de9ec098a547b3d1dd
688,POSR01_0613,10,1,positive_core,True,337a739f8cb0a64b81a5216bab689f5a
689,POSR01_0309,6,1,positive_core,True,b0e616ab35b5f263f5f0cf4adbcca17e
690,POSR01_0623,11,1,positive_core,True,f5495376b8307fbc0dd8bf22ef56f8f5
691,POSR01_0459,8,1,positive_core,True,3db0f013b5f5a2c771cbd1e5a7064e04
692,POSR01_0519,9,1,positive_core,True,46fc9cc9582bf7dfaf15a377066da525
693,POSR01_0672,12,1,positive_core,True,902052eaf04f816fe5173b10e9ac5113
694,POSR01_0185,5,1,positive_core,True,d8a0af572851283cabe1ca0737bfb64b
695,POSR01_0218,5,1,positive_core,True,d854b94f1231e696334cc1a1fe4499c9
696,POSR01_0818,18,1,positive_core,True,a56d665e98fe9235737f1aa9556df840
697,POSR01_0586,10,1,positive_core,True,ef23c6f4a79e1f5588f8e86c2e2440a5
698,POSR01_0694,12,1,positive_core,True,559a8f7966980b6adad3623b709afe15
699,POSR01_0248,6,1,positive_core,True,f9f847fead8ed77f33bddb6ced1ab164
700,POSR01_0869,7,1,positive_core,True,752c6f82226d7267dd125d6193fc239d
701,POSR01_0072,4,1,positive_core,True,8a8fcc05a91cafda8be06dcc704cda56
702,POSR01_0399,7,1,positive_core,True,bced35f175a03fc049425df4f9c59c7b
703,POSR01_0276,6,1,positive_core,True,1667b07a0199f704894323e1f53a15db
704,POSR01_0792,15,1,positive_core,True,3c31d99cad0f6db04d53f03a15dcb587
705,POSR01_0244,6,1,positive_core,True,28819986173431130d46070a77dc045e
706,POSR01_0797,15,1,positive_core,True,4c94be387d578fccd5ced45fdb7e49e5
707,POSR01_0333,6,1,positive_core,True,f03a6dab85026f00a2300778ab8170c0
708,POSR01_0854,5,1,positive_core,True,581eabc1493c93ec90d29a3dc0762ad4
709,POSR01_0085,4,1,positive_core,True,48ea2d711575ad22d39f6e4cb0f106cc
710,POSR01_0204,5,1,positive_core,True,887cef7f6111de78e3a93856d65643e8
711,POSR01_0592,10,1,positive_core,True,bb429152304132c0808cbaad9229bda0
712,POSR01_0627,11,1,positive_core,True,0b378139cdca79dc5700024ede26891f
713,POSR01_0380,7,1,positive_core,True,0d1d6a8e8d40e8f2d0f4361debe4df6e
714,POSR01_0020,4,1,positive_core,True,a71b78cc13583c9642815432b07eb7a3
715,POSR01_0262,6,1,positive_core,True,4409746791efa2712dd4ec490f82ae6e
716,POSR01_0551,10,1,positive_core,True,633e08ddcd2fa3058e311cf7aacc31c6
717,POSR01_0269,6,1,positive_core,True,7ee954609a6a678e1d2c526939017f23
718,POSR01_0680,12,1,positive_core,True,783b3ac92b3efee3f8f674275b8ff50d
719,POSR01_0161,5,1,positive_core,True,83cafb311bd193c00e8e94b751c783e5
720,POSR01_0030,4,1,positive_core,True,26fa160c78ebed74cd91906f1ddcf774
721,POSR01_0531,9,1,positive_core,True,6381f2fb70cc7e84fb35bb371d4e3c2a
722,POSR01_0215,5,1,positive_core,True,5f1f6e16dffafbb723cfd3be415b09de
723,POSR01_0753,14,1,positive_core,True,5ba1848bdda12cece120d321f28a1384
724,POSR01_0369,7,1,positive_core,True,233ae1db86fc008f8639b1a349553376
725,POSR01_0199,5,1,positive_core,True,33c1e623f566b54deaa4570497b66e7d
726,POSR01_0170,5,1,positive_core,True,ccd95ba29b0d9949ec4eee667730a784
727,POSR01_0023,4,1,positive_core,True,1fdd2fcdd15fb911b853e4debef9a8e0
728,POSR01_0191,5,1,positive_core,True,c2edb5c79672c7db64f28b7561b3d76e
729,POSR01_0809,16,1,positive_core,True,f66773bd05fa702f5a09c24b00a3341a
730,POSR01_0536,9,1,positive_core,True,21c139e8cce2f6948c6485ccdbb4178c
731,POSR01_0371,7,1,positive_core,True,f1696fe2fea04107995da4ee7b2d1c0d
732,POSR01_0388,7,1,positive_core,True,c42a1112334bcdddc5eb755817497e10
733,POSR01_0086,4,1,positive_core,True,2c59cf95a5b2a0ef1146ad8827f6ccef
734,POSR01_0811,17,1,positive_core,True,d8f829ad49d90cf5cc3e3193e104036b
735,POSR01_0517,9,1,positive_core,True,f42359d9fce16c66990e4dfefc92a285
736,POSR01_0711,13,1,positive_core,True,d0318f4d7e297cfc0784165041c930ef
737,POSR01_0641,11,1,positive_core,True,4f51728d42eaffba20a89e2683c1ed85
738,POSR01_0716,13,1,positive_core,True,7cdaff89fb369d2a5aeea70a9cbfb22b
739,POSR01_0219,5,1,positive_core,True,cbc7fc3d7b07734a62192896bddc9cbb
740,POSR01_0628,11,1,positive_core,True,1c5ef3ff60ccd27914606874d08159e5
741,POSR01_0202,5,1,positive_core,True,680b57072b9e1e5c2d0dad528fb826cf
742,POSR01_0813,17,1,positive_core,True,c014072bc2d873f588b635a42f958488
743,POSR01_0602,10,1,positive_core,True,bfe113fb27b54bc56100a9a81e246f93
744,POSR01_0678,12,1,positive_core,True,612ba565abfffa580b61b71f083938b6
745,POSR01_0763,14,1,positive_core,True,9db393ba9c547081f530c4ea37498a06
746,POSR01_0279,6,1,positive_core,True,a177966d704376845613487f706af0cd
747,POSR01_0573,10,1,positive_core,True,375236a9d14873fd9884e73a6e85ddbd
748,POSR01_0681,12,1,positive_core,True,fce8c1ea121b47c0efd4ec79921e8fc3
749,POSR01_0007,4,1,positive_core,True,786e4119d671614361cca9c5236f8fa5
750,POSR01_0324,6,1,positive_core,True,071b0eb3ac14c657bc4478cdab3c8c28
751,POSR01_0803,16,1,positive_core,True,6bd0a761c1827eeae71cdea6d0e24a05
752,POSR01_0034,4,1,positive_core,True,466eb4d6a1e5d7b12cd3bc37fa9aa3a3
753,POSR01_0418,7,1,positive_core,True,9252378902cd002ea9493146b047e905
754,POSR01_0612,10,1,positive_core,True,31b379d46bd47bed89b12c12fe9bba4b
755,POSR01_0676,12,1,positive_core,True,29de9c85ee561ea6eb869e8e566c6e02
756,POSR01_0222,5,1,positive_core,True,7d315b2df3e22409607d1442babe2398
757,POSR01_0259,6,1,positive_core,True,34b50182bdf3bd48a1fe839fe6158ee1
758,POSR01_0240,5,1,positive_core,True,d9df80dec702258fb4e036f9da4432a5
759,POSR01_0018,4,1,positive_core,True,642854d32ea93bce42b70e42365eef64
760,POSR01_0698,12,1,positive_core,True,5d994226b813ca8e6dfc4ce2021ea619
761,POSR01_0785,15,1,positive_core,True,9894f6ac1ee4e3cca7b99e6b11c00d14
762,POSR01_0539,9,1,positive_core,True,5a84eb5bdb903e33568ce0f222bdcfea
763,POSR01_0129,5,1,positive_core,True,15f05a3c8908c0e3b5d260d4f833a628
764,POSR01_0808,16,1,positive_core,True,b0cf36f67754ce513f702160f472ffe9
765,POSR01_0570,10,1,positive_core,True,d20228896e8617c566b960622d51871d
766,POSR01_0885,9,1,positive_core,True,d9c49227ce6021e7bdfb89e723af4748
767,POSR01_0389,7,1,positive_core,True,f8b7ceace5136fc4407eeebe5bed8979
768,POSR01_0153,5,1,positive_core,True,cae13523dd78e76ef57527e3250b189d
769,POSR01_0097,4,1,positive_core,True,0c738cd3fee9220d99b1ae606843977f
770,POSR01_0312,6,1,positive_core,True,7e2ad2c3561049110603a3c9ea6cf55f
771,POSR01_0213,5,1,positive_core,True,6ac31d8d6d462e80d2f06b3a95204bc8
772,POSR01_0192,5,1,positive_core,True,0e9285fd3112fae012e54e4d14af4095
773,POSR01_0123,5,1,positive_core,True,f75721d9181793350311b5fee74f4618
774,POSR01_0532,9,1,positive_core,True,2d5f98bbf51420387c18c9cb92714619
775,POSR01_0651,11,1,positive_core,True,3c6688deadc9cb5f923041250ff21933
776,POSR01_0891,10,1,positive_core,True,76f16e99454086496ef81c2b2a93be61
777,POSR01_0795,15,1,positive_core,True,03feaafafe9e0f0d5dc32461ca4cbf3e
778,POSR01_0660,11,1,positive_core,True,e86fafcb218175b055239739065c6267
779,POSR01_0469,8,1,positive_core,True,eef0a03b015c505b7126198420db3e31
780,POSR01_0467,8,1,positive_core,True,b0b4cc06b8aee52843f6fa25c8d580a0
781,POSR01_0492,9,1,positive_core,True,d1ebf881fd547047f2717fd6741fe2a5
782,POSR01_0726,13,1,positive_core,True,060d08507ae1e39f370eae32a1aa72fd
783,POSR01_0819,18,1,positive_core,True,c578dedbafc8ef714ef5fd1ff48d253f
784,POSR01_0058,4,1,positive_core,True,b6cd63af17ed2c5d3d10d73f9b90590f
785,POSR01_0830,4,1,positive_core,True,a4b66f78a63ff1c171cf1ebe0c5c49fe
786,POSR01_0820,18,1,positive_core,True,6a96100c8a1fc29156a2d0a38fb5f482
787,POSR01_0319,6,1,positive_core,True,7ce622a49b897fbb71ac0924f87f775e
788,POSR01_0705,12,1,positive_core,True,90111c0a6696966ae76c0d384681c870
789,POSR01_0273,6,1,positive_core,True,7848706826fbdb025beb38c2dd3f3869
790,POSR01_0806,16,1,positive_core,True,697de7ac135d08e9da5e8b8e2606fdd8
791,POSR01_0802,16,1,positive_core,True,7c9c52c58a48c715f8183e775d32d1fb
792,POSR01_0316,6,1,positive_core,True,91db6d9a40a66a52bf0dad295f580e9b
793,POSR01_0284,6,1,positive_core,True,47275787201444f2c0a818a72794fe57
794,POSR01_0844,5,1,positive_core,True,74a3fbe28ef61122250c2801da572c40
795,POSR01_0365,7,1,positive_core,True,4edc742959d1f6f065d46fd1ac1cb79f
796,POSR01_0131,5,1,positive_core,True,07f4e817572a2a23bfe6add43f6851a6
797,POSR01_0704,12,1,positive_core,True,2f6beb0653cf429cb3f8fe78ddde2861
798,POSR01_0496,9,1,positive_core,True,b836ca7b2e84cd64d1b9ad28b1f0cb4d
799,POSR01_0682,12,1,positive_core,True,654a3f74156cd2ff9a05d26fa2bec140
800,POSR01_0528,9,1,positive_core,True,4fb22404fd77895b83394856009a31e0
801,POSR01_0122,5,1,positive_core,True,b7264a61a828f0f086767d0a23044b8e
802,POSR01_0159,5,1,positive_core,True,99c438666afe9d4540cc62ad7f2972ed
803,POSR01_0212,5,1,positive_core,True,293d6ce37f0e0de9b8e16d48020fefab
804,POSR01_0302,6,1,positive_core,True,727629cedea40521a7b0b9815ba7c07d
805,POSR01_0599,10,1,positive_core,True,7f2d55528369d4e9a73a69d5646212e9
806,POSR01_0096,4,1,positive_core,True,15ded08b53b9b874e3f345668e476cd4
807,POSR01_0639,11,1,positive_core,True,bcb4d5addd9bd2b121d4171e4cbce00f
808,POSR01_0609,10,1,positive_core,True,d6dc050c9b742f668436526e8dafdba8
809,POSR01_0355,7,1,positive_core,True,2d6a09fc44a56830080512d987f4337d
810,POSR01_0620,11,1,positive_core,True,e9825da97e6d9f61ee24aa51f516d37e
811,POSR01_0508,9,1,positive_core,True,baf88a0fd28f44d039fb6d355e18d97b
812,POSR01_0629,11,1,positive_core,True,7340d767484cc58d29553ef0e89f32ec
813,POSR01_0445,8,1,positive_core,True,e89e31e434bd53826b39c85db277e84d
814,POSR01_0659,11,1,positive_core,True,0c791b2f5088b9ea29fe9ef6b2c6da42
815,POSR01_0195,5,1,positive_core,True,af1f0912b83a0fbd3ddb6345f1333353
816,POSR01_0600,10,1,positive_core,True,12c553c064002bd5e1eb239874d7e12a
817,POSR01_0103,4,1,positive_core,True,88ce64c90bcb48086c86731d14715f8a
818,POSR01_0386,7,1,positive_core,True,1add8ee7a3df9cb3ecfa13bd26e4f771
819,POSR01_0055,4,1,positive_core,True,a6480a621575956ac96144bc16f2df65
820,POSR01_0462,8,1,positive_core,True,b2ac451621a450a344b9c88cb4f82007
821,POSR01_0214,5,1,positive_core,True,1e13a0cb54245aec74a418fc24090d7b
822,POSR01_0595,10,1,positive_core,True,36a1ab70570c7b5a84ddca3b2eadcdf2
823,POSR01_0334,6,1,positive_core,True,06168a5305466a1e5ff4b6f5e01939a1
824,POSR01_0859,6,1,positive_core,True,dc31a39a91c45b45db0f4be9805f84a5
825,POSR01_0433,8,1,positive_core,True,bda4ee32fbf8fa9eaed397988c57a64b
826,POSR01_0060,4,1,positive_core,True,e2326c0896fe3e214039d6f960f15bf5
827,POSR01_0231,5,1,positive_core,True,4c5e7cfbdd00caf66aea2640074dfb78
828,POSR01_0722,13,1,positive_core,True,90bd6f928d214a391ab70ea96b511aed
829,POSR01_0824,19,1,positive_core,True,fdb952fc69a3b09d4e4f4fe5e5d98877
830,POSR01_0009,4,1,positive_core,True,be9c92df686ae5aea742d09a107f28b0
831,POSR01_0615,11,1,positive_core,True,fd9c1e02c68a540d04cbe325e1220cce
832,POSR01_0256,6,1,positive_core,True,f11f725c24a1f9a2eceb085c4ff6fbd2
833,POSR01_0470,8,1,positive_core,True,556567cc81af093e8e6335ad7959dafe
834,POSR01_0452,8,1,positive_core,True,28e078841cd3f8c306ec6afe5611fb04
835,POSR01_0465,8,1,positive_core,True,ea6b587c1d5776973e86b7718ea9570e
836,POSR01_0491,9,1,positive_core,True,b1847a53c70e05c176e49dc8dc18354b
837,POSR01_0522,9,1,positive_core,True,a0c3179586f28bfb4022235fceeeb3be
838,POSR01_0884,8,1,positive_core,True,3eb3074fc06e6d08a793d531ef7f82b1
839,POSR01_0710,13,1,positive_core,True,039a5f4256a72bc44028b8d658fefb76
840,POSR01_0755,14,1,positive_core,True,2c6aa6ae463bfe8bd318cec9a47bbe78
841,POSR01_0529,9,1,positive_core,True,a78d1b185bfcb084fa62eab328c7d024
842,POSR01_0361,7,1,positive_core,True,7f9eab913fe3a03eea8dbfd6ab178ea6
843,POSR01_0078,4,1,positive_core,True,bf74f9a28c9aa4745c737bf250b69495
844,POSR01_0394,7,1,positive_core,True,87c016e81e6fd9957d4586679fe4eaca
845,POSR01_0364,7,1,positive_core,True,95084f876e6b13c7715ba00e67cbf31f
846,POSR01_0523,9,1,positive_core,True,0ca577e2963d4b87be1032c556374ab2
847,POSR01_0675,12,1,positive_core,True,4a21880e1f4287c05e66fd40a91da03f
848,POSR01_0172,5,1,positive_core,True,243f3ae9ba4801ae49fc938e9fb0ea7d
849,POSR01_0345,6,1,positive_core,True,7457ae65a3c00d1429182de3d98c3ae3
850,POSR01_0474,8,1,positive_core,True,5f709124cfdc947d41578744417e7228
851,POSR01_0552,10,1,positive_core,True,4bca05bdf7e531db183509ac571b4f51
852,POSR01_0424,8,1,positive_core,True,251bd4cbe17722c0bca05a1ab323c1a9
853,POSR01_0242,5,1,positive_core,True,0de4eaa36710f020e57877625a61422a
854,POSR01_0402,7,1,positive_core,True,7a7e9d418f172b9f4e0d0995f2583b87
855,POSR01_0401,7,1,positive_core,True,7968e4aa6634d8aa4aaf4b7268f5a3ac
856,POSR01_0074,4,1,positive_core,True,e74085dd0f831b02165e3321508e6491
857,POSR01_0863,6,1,positive_core,True,80cbe5500de64edb8efd97c6a3d2f759
858,POSR01_0634,11,1,positive_core,True,cc8722cc3f2261c6d5eb11a67b89f535
859,POSR01_0499,9,1,positive_core,True,7f831e4720b2c1595cee3253a11d2426
860,POSR01_0754,14,1,positive_core,True,f54ff99a8eb5b002c8cbb908009d21f8
861,POSR01_0422,8,1,positive_core,True,509018750e087e70e6f780f230e01c4e
862,POSR01_0073,4,1,positive_core,True,e3f5ac2913399ed173aeb91593a1f0bc
863,POSR01_0006,4,1,positive_core,True,b42da95493c30998e15e40692d7962ff
864,POSR01_0003,4,1,positive_core,True,75328ce2a90b799646ee8b3c4d45c1e2
865,POSR01_0150,5,1,positive_core,True,d4f4eeb9b22f67ac1ec4f2863af957d6
866,POSR01_0759,14,1,positive_core,True,e8884f88359a8392e58c90cf2d70a213
867,POSR01_0796,15,1,positive_core,True,c5139c5eb6c4736dc5d92d848ed56e8a
868,POSR01_0429,8,1,positive_core,True,d0c4299bee58a4ac11e87dbf5000b834
869,POSR01_0225,5,1,positive_core,True,89e9a7372dd134e3358f06cabcb5cf5d
870,POSR01_0746,13,1,positive_core,True,bb5f564c3ca0cd859e2b788c45a30824
871,POSR01_0817,17,1,positive_core,True,5e11a82ac6e91d856392e4d90a20f318
872,POSR01_0022,4,1,positive_core,True,c6ae3ad9433ab70783bdd7e39e06debf
873,POSR01_0311,6,1,positive_core,True,81bafa65af1b6e13984eb7b86af6f4b6
874,POSR01_0735,13,1,positive_core,True,e25522b703fe6576e3d17f79659b1b5f
875,POSR01_0635,11,1,positive_core,True,c10341a91daa430d1b1dd8258c0ccbbf
876,POSR01_0588,10,1,positive_core,True,71d76de852ae312eb27fad8ff8bdc988
877,POSR01_0673,12,1,positive_core,True,a78cbbe8e7afd7da7dcaea8b3d90f16d
878,POSR01_0783,15,1,positive_core,True,469c076c0a2d02f1934239fb03f2b940
879,POSR01_0650,11,1,positive_core,True,42159c80eec1aa63256ae298ed12f02f
880,POSR01_0485,8,1,positive_core,True,cef0ef405c2f03c21248332486c6e072
881,POSR01_0149,5,1,positive_core,True,766e8505c95398ca91f54f758c0cc0cb
882,POSR01_0743,13,1,positive_core,True,e5b4c36265fb194f4dfa93a6225081f6
883,POSR01_0606,10,1,positive_core,True,d231bdfd5cc55ddb22b039df82b8c8ae
884,POSR01_0550,10,1,positive_core,True,40a7fdd52680640270d547b150b926f3
885,POSR01_0700,12,1,positive_core,True,a68c85c4d6be3b1ec4082169b0b9a68b
886,POSR01_0236,5,1,positive_core,True,468245743e60eb95f23435f6782acfc8
887,POSR01_0686,12,1,positive_core,True,504c21345eaab21a966a56d5828f4f38
888,POSR01_0679,12,1,positive_core,True,2692ac3a49509a447b700d7b6428d714
889,POSR01_0578,10,1,positive_core,True,1c991dfa75553e8feab7daa14f93d189
890,POSR01_0812,17,1,positive_core,True,bc756cac4df171c06969c654a49bff02
891,POSR01_0423,8,1,positive_core,True,12fcb042eeb5b7cd666510ca18c11a87
892,POSR01_0456,8,1,positive_core,True,3dbba44cd667f61b81029c09930ddb73
893,POSR01_0479,8,1,positive_core,True,7f111293ef32e760a3d5631e086652ce
894,POSR01_0708,12,1,positive_core,True,80c3b8e43b5b5606ddd609d84770331a
895,POSR01_0822,18,1,positive_core,True,b6dcaebe7d5846d0e89e44a008bcafc1
896,POSR01_0439,8,1,positive_core,True,ff2c6e50f08e81060a75e6c76a671786
897,POSR01_0730,13,1,positive_core,True,25199038e1a671381e028787e4eb4053
898,POSR01_0712,13,1,positive_core,True,0390975478ea5f92a2d819ddef226c21
899,NEGR01_0001,9,0,core_negative,True,9b421d3fc98b03b93a660c38679888df
900,NEGR01_0002,12,0,core_negative,True,7db8acf1e6476a16c857e684fb29d6ca
901,NEGR01_0003,10,0,core_negative,True,6f5d675139ec538ab95ab2e7be73081b
902,NEGR01_0004,9,0,core_negative,True,5af3dd336057a7ed80afa06c8dc35c81
903,NEGR01_0005,9,0,core_negative,True,91d92e0be1a7727a4440e6c2f7355d09
904,NEGR01_0006,5,0,core_negative,True,2bb74323aabe450554b6b2be91a99fb8
905,NEGR01_0007,6,0,core_negative,True,eaa79d319a0501504adf37afa26fe473
906,NEGR01_0008,7,0,core_negative,True,aa674222201664aa81dcef9af48af1c0
907,NEGR01_0009,10,0,core_negative,True,e3735803c4d088126d4c5113f9297826
908,NEGR01_0010,5,0,core_negative,True,581ecf319dea9bb767bfdb669ed3df60
909,NEGR01_0011,6,0,core_negative,True,49c5cac50c98615e374265e1a218c3a4
910,NEGR01_0012,4,0,core_negative,True,9ec458862f150323aabc8c916781c73c
911,NEGR01_0013,6,0,core_negative,True,f4ac27d39d0d6238d5244ba4a97cd1c3
912,NEGR01_0014,4,0,core_negative,True,2360bad8b42a7f6171374b08f30da722
913,NEGR01_0015,5,0,core_negative,True,12e126507a1545b033da0962b0712656
914,NEGR01_0016,17,0,core_negative,True,a3e89f9ab491cd122ef4839611fc5de7
915,NEGR01_0017,5,0,core_negative,True,1f4069c30e709417963063a46ee472a1
916,NEGR01_0018,6,0,core_negative,True,570d63f492481ddd59ad899e0d78f9d8
917,NEGR01_0019,19,0,core_negative,True,17dfb749e783ab09e1abb9d2ebf298f9
918,NEGR01_0020,7,0,core_negative,True,a34543ed56f71bc8686b7f00c67920bd
919,NEGR01_0021,4,0,core_negative,True,47c5fbdb2842fc7105a3870a63715371
920,NEGR01_0022,5,0,core_negative,True,5aae3bcac9f88589e3d00090b8ead3ab
921,NEGR01_0023,18,0,core_negative,True,1f785bd396939da6b232e6bec5a3d252
922,NEGR01_0024,4,0,core_negative,True,7a9541c2d14289704b9e9f3071f23aec
923,NEGR01_0025,8,0,core_negative,True,a0a416e243b38b7b395e2131e7d13903
924,NEGR01_0026,11,0,core_negative,True,aee0f682421022ca1332761e82dae1db
925,NEGR01_0027,12,0,core_negative,True,dc7957b9137391704d37dc56c04bdf1a
926,NEGR01_0028,16,0,core_negative,True,fb3f3e53c262785e59c858112515b88e
927,NEGR01_0029,11,0,core_negative,True,ea2f6a6f64a1fb9a00707ee85b6f102f
928,SENSR01_0001,6,0,negative_sensitivity,True,dcab274322265be4a4640e35aa1e2165
929,SENSR01_0002,7,0,negative_sensitivity,True,faccd1f40914ac38939ef46b6ecf7765
930,SENSR01_0003,8,0,negative_sensitivity,True,722abf45f060f966a2528f6cdd67b904
931,CHL0001,2,0,challenge_only,True,0bdfe2e55090d6be70793778d0d8e147
932,CHL0002,3,0,challenge_only,True,4d5ce13a5d92fc9e3c67ae2114d0be45
933,CHL0003,3,0,challenge_only,True,251ca39abefac3ec3b2bbe4ada85fa06
934,CHL0004,3,0,challenge_only,True,541afb23c2db4dd7107d3eba4ee62028
935,CHL0005,3,0,challenge_only,True,8449bc264b69c3a0fe8b60361eaf7aeb
936,CHL0006,3,0,challenge_only,True,862ccbc166c0cafb853d82b5634f7982
937,CHL0007,3,0,challenge_only,True,c29c4eeb2e3797d5e67621f51f3aecc1
938,CHL0008,3,0,challenge_only,True,02c9b2803d69ff4b22b0e5c3aff2c030
939,CHL0009,3,0,challenge_only,True,948ed29c1a129599611e105a56bc9a4c
940,CHL0010,3,0,challenge_only,True,f32a40af3858e0704c38f65a2631fcb8
941,CHL0011,3,0,challenge_only,True,1054afc39af1e1f5870178e7b550b223
942,CHL0012,4,0,challenge_only,True,3624a8d257d49970bfc6de027bcec3d8
943,CHL0013,5,0,challenge_only,True,3b85519f51688131bf5ccb69a0d52a3b
944,CHL0014,5,0,challenge_only,True,72c0d07faa2e7d5c43c5459eb01f8857
945,CHL0015,5,0,challenge_only,True,192106ee1aa6cc2576444720402735c3
946,CHL0016,5,0,challenge_only,True,8240e1805736668f4eec8b8b05ef3d8d
947,CHL0017,6,0,challenge_only,True,4792235b887cfd1f15b41cdc911603f9
948,CHL0018,6,0,challenge_only,True,e997f9c5ada9000a9b09184419a3f072
949,CHL0019,6,0,challenge_only,True,f9dffc76cd7f6791186df99961885826
950,CHL0020,6,0,challenge_only,True,18e1685eefc93e355545f32fec876fe4
951,CHL0021,6,0,challenge_only,True,5baaa7059157aeb8cda616848c7e95f6
952,CHL0022,7,0,challenge_only,True,5dee8372a983ea455d7c9e3d0d2f7be9
953,CHL0023,7,0,challenge_only,True,8add9fb99a20a1dd99dc7a6d5daf9744
954,CHL0024,8,0,challenge_only,True,9802dc31d70390a09112a57e06b67af5
955,CHL0025,8,0,challenge_only,True,57ad6c2e1059216c0229228a569bd1f3
956,CHL0026,8,0,challenge_only,True,48451723dfd39c8fbb933141501c5c1c
957,CHL0027,8,0,challenge_only,True,284e23e24b1d3379d076aebb95050659
958,CHL0028,9,0,challenge_only,True,857b9e72628d2c49d4ed3a7a63d3bed0
