embedding_row_index,sequence_id,sequence_length,label,branch,model_name,repr_layer,pooling
0,POSR01_0198,5,1,positive_core,esm2_t33_650M_UR50D,33,mean_non_special_tokens
1,POSR01_0879,8,1,positive_core,esm2_t33_650M_UR50D,33,mean_non_special_tokens
2,POSR01_0662,12,1,positive_core,esm2_t33_650M_UR50D,33,mean_non_special_tokens
3,POSR01_0882,8,1,positive_core,esm2_t33_650M_UR50D,33,mean_non_special_tokens
4,POSR01_0264,6,1,positive_core,esm2_t33_650M_UR50D,33,mean_non_special_tokens
5,POSR01_0544,9,1,positive_core,esm2_t33_650M_UR50D,33,mean_non_special_tokens
6,POSR01_0481,8,1,positive_core,esm2_t33_650M_UR50D,33,mean_non_special_tokens
7,POSR01_0781,15,1,positive_core,esm2_t33_650M_UR50D,33,mean_non_special_tokens
8,POSR01_0750,14,1,positive_core,esm2_t33_650M_UR50D,33,mean_non_special_tokens
9,POSR01_0867,7,1,positive_core,esm2_t33_650M_UR50D,33,mean_non_special_tokens
10,POSR01_0823,19,1,positive_core,esm2_t33_650M_UR50D,33,mean_non_special_tokens
11,POSR01_0132,5,1,positive_core,esm2_t33_650M_UR50D,33,mean_non_special_tokens
12,POSR01_0183,5,1,positive_core,esm2_t33_650M_UR50D,33,mean_non_special_tokens
13,POSR01_0560,10,1,positive_core,esm2_t33_650M_UR50D,33,mean_non_special_tokens
14,POSR01_0589,10,1,positive_core,esm2_t33_650M_UR50D,33,mean_non_special_tokens
15,POSR01_0804,16,1,positive_core,esm2_t33_650M_UR50D,33,mean_non_special_tokens
16,POSR01_0114,5,1,positive_core,esm2_t33_650M_UR50D,33,mean_non_special_tokens
17,POSR01_0677,12,1,positive_core,esm2_t33_650M_UR50D,33,mean_non_special_tokens
18,POSR01_0862,6,1,positive_core,esm2_t33_650M_UR50D,33,mean_non_special_tokens
19,POSR01_0187,5,1,positive_core,esm2_t33_650M_UR50D,33,mean_non_special_tokens
20,POSR01_0894,11,1,positive_core,esm2_t33_650M_UR50D,33,mean_non_special_tokens
21,POSR01_0477,8,1,positive_core,esm2_t33_650M_UR50D,33,mean_non_special_tokens
22,POSR01_0148,5,1,positive_core,esm2_t33_650M_UR50D,33,mean_non_special_tokens
23,POSR01_0657,11,1,positive_core,esm2_t33_650M_UR50D,33,mean_non_special_tokens
24,POSR01_0004,4,1,positive_core,esm2_t33_650M_UR50D,33,mean_non_special_tokens
25,POSR01_0230,5,1,positive_core,esm2_t33_650M_UR50D,33,mean_non_special_tokens
26,POSR01_0113,5,1,positive_core,esm2_t33_650M_UR50D,33,mean_non_special_tokens
27,POSR01_0720,13,1,positive_core,esm2_t33_650M_UR50D,33,mean_non_special_tokens
28,POSR01_0396,7,1,positive_core,esm2_t33_650M_UR50D,33,mean_non_special_tokens
29,POSR01_0769,14,1,positive_core,esm2_t33_650M_UR50D,33,mean_non_special_tokens
30,POSR01_0054,4,1,positive_core,esm2_t33_650M_UR50D,33,mean_non_special_tokens
31,POSR01_0807,16,1,positive_core,esm2_t33_650M_UR50D,33,mean_non_special_tokens
32,POSR01_0329,6,1,positive_core,esm2_t33_650M_UR50D,33,mean_non_special_tokens
33,POSR01_0046,4,1,positive_core,esm2_t33_650M_UR50D,33,mean_non_special_tokens
34,POSR01_0104,4,1,positive_core,esm2_t33_650M_UR50D,33,mean_non_special_tokens
35,POSR01_0460,8,1,positive_core,esm2_t33_650M_UR50D,33,mean_non_special_tokens
36,POSR01_0090,4,1,positive_core,esm2_t33_650M_UR50D,33,mean_non_special_tokens
37,POSR01_0040,4,1,positive_core,esm2_t33_650M_UR50D,33,mean_non_special_tokens
38,POSR01_0855,5,1,positive_core,esm2_t33_650M_UR50D,33,mean_non_special_tokens
39,POSR01_0035,4,1,positive_core,esm2_t33_650M_UR50D,33,mean_non_special_tokens
40,POSR01_0847,5,1,positive_core,esm2_t33_650M_UR50D,33,mean_non_special_tokens
41,POSR01_0257,6,1,positive_core,esm2_t33_650M_UR50D,33,mean_non_special_tokens
42,POSR01_0210,5,1,positive_core,esm2_t33_650M_UR50D,33,mean_non_special_tokens
43,POSR01_0571,10,1,positive_core,esm2_t33_650M_UR50D,33,mean_non_special_tokens
44,POSR01_0577,10,1,positive_core,esm2_t33_650M_UR50D,33,mean_non_special_tokens
45,POSR01_0110,4,1,positive_core,esm2_t33_650M_UR50D,33,mean_non_special_tokens
46,POSR01_0454,8,1,positive_core,esm2_t33_650M_UR50D,33,mean_non_special_tokens
47,POSR01_0653,11,1,positive_core,esm2_t33_650M_UR50D,33,mean_non_special_tokens
48,POSR01_0455,8,1,positive_core,esm2_t33_650M_UR50D,33,mean_non_special_tokens
49,POSR01_0323,6,1,positive_core,esm2_t33_650M_UR50D,33,mean_non_special_tokens
50,POSR01_0666,12,1,positive_core,esm2_t33_650M_UR50D,33,mean_non_special_tokens
51,POSR01_0061,4,1,positive_core,esm2_t33_650M_UR50D,33,mean_non_special_tokens
52,POSR01_0860,6,1,positive_core,esm2_t33_650M_UR50D,33,mean_non_special_tokens
53,POSR01_0250,6,1,positive_core,esm2_t33_650M_UR50D,33,mean_non_special_tokens
54,POSR01_0247,6,1,positive_core,esm2_t33_650M_UR50D,33,mean_non_special_tokens
55,POSR01_0400,7,1,positive_core,esm2_t33_650M_UR50D,33,mean_non_special_tokens
56,POSR01_0091,4,1,positive_core,esm2_t33_650M_UR50D,33,mean_non_special_tokens
57,POSR01_0167,5,1,positive_core,esm2_t33_650M_UR50D,33,mean_non_special_tokens
58,POSR01_0518,9,1,positive_core,esm2_t33_650M_UR50D,33,mean_non_special_tokens
59,POSR01_0836,4,1,positive_core,esm2_t33_650M_UR50D,33,mean_non_special_tokens
60,POSR01_0306,6,1,positive_core,esm2_t33_650M_UR50D,33,mean_non_special_tokens
61,POSR01_0527,9,1,positive_core,esm2_t33_650M_UR50D,33,mean_non_special_tokens
62,POSR01_0220,5,1,positive_core,esm2_t33_650M_UR50D,33,mean_non_special_tokens
63,POSR01_0151,5,1,positive_core,esm2_t33_650M_UR50D,33,mean_non_special_tokens
64,POSR01_0331,6,1,positive_core,esm2_t33_650M_UR50D,33,mean_non_special_tokens
65,POSR01_0533,9,1,positive_core,esm2_t33_650M_UR50D,33,mean_non_special_tokens
66,POSR01_0683,12,1,positive_core,esm2_t33_650M_UR50D,33,mean_non_special_tokens
67,POSR01_0591,10,1,positive_core,esm2_t33_650M_UR50D,33,mean_non_special_tokens
68,POSR01_0287,6,1,positive_core,esm2_t33_650M_UR50D,33,mean_non_special_tokens
69,POSR01_0098,4,1,positive_core,esm2_t33_650M_UR50D,33,mean_non_special_tokens
70,POSR01_0128,5,1,positive_core,esm2_t33_650M_UR50D,33,mean_non_special_tokens
71,POSR01_0447,8,1,positive_core,esm2_t33_650M_UR50D,33,mean_non_special_tokens
72,POSR01_0553,10,1,positive_core,esm2_t33_650M_UR50D,33,mean_non_special_tokens
73,POSR01_0021,4,1,positive_core,esm2_t33_650M_UR50D,33,mean_non_special_tokens
74,POSR01_0165,5,1,positive_core,esm2_t33_650M_UR50D,33,mean_non_special_tokens
75,POSR01_0002,4,1,positive_core,esm2_t33_650M_UR50D,33,mean_non_special_tokens
76,POSR01_0277,6,1,positive_core,esm2_t33_650M_UR50D,33,mean_non_special_tokens
77,POSR01_0801,16,1,positive_core,esm2_t33_650M_UR50D,33,mean_non_special_tokens
78,POSR01_0475,8,1,positive_core,esm2_t33_650M_UR50D,33,mean_non_special_tokens
79,POSR01_0196,5,1,positive_core,esm2_t33_650M_UR50D,33,mean_non_special_tokens
80,POSR01_0015,4,1,positive_core,esm2_t33_650M_UR50D,33,mean_non_special_tokens
81,POSR01_0321,6,1,positive_core,esm2_t33_650M_UR50D,33,mean_non_special_tokens
82,POSR01_0752,14,1,positive_core,esm2_t33_650M_UR50D,33,mean_non_special_tokens
83,POSR01_0751,14,1,positive_core,esm2_t33_650M_UR50D,33,mean_non_special_tokens
84,POSR01_0881,8,1,positive_core,esm2_t33_650M_UR50D,33,mean_non_special_tokens
85,POSR01_0780,15,1,positive_core,esm2_t33_650M_UR50D,33,mean_non_special_tokens
86,POSR01_0696,12,1,positive_core,esm2_t33_650M_UR50D,33,mean_non_special_tokens
87,POSR01_0664,12,1,positive_core,esm2_t33_650M_UR50D,33,mean_non_special_tokens
88,POSR01_0101,4,1,positive_core,esm2_t33_650M_UR50D,33,mean_non_special_tokens
89,POSR01_0688,12,1,positive_core,esm2_t33_650M_UR50D,33,mean_non_special_tokens
90,POSR01_0436,8,1,positive_core,esm2_t33_650M_UR50D,33,mean_non_special_tokens
91,POSR01_0827,4,1,positive_core,esm2_t33_650M_UR50D,33,mean_non_special_tokens
92,POSR01_0431,8,1,positive_core,esm2_t33_650M_UR50D,33,mean_non_special_tokens
93,POSR01_0520,9,1,positive_core,esm2_t33_650M_UR50D,33,mean_non_special_tokens
94,POSR01_0740,13,1,positive_core,esm2_t33_650M_UR50D,33,mean_non_special_tokens
95,POSR01_0839,5,1,positive_core,esm2_t33_650M_UR50D,33,mean_non_special_tokens
96,POSR01_0043,4,1,positive_core,esm2_t33_650M_UR50D,33,mean_non_special_tokens
97,POSR01_0490,8,1,positive_core,esm2_t33_650M_UR50D,33,mean_non_special_tokens
98,POSR01_0141,5,1,positive_core,esm2_t33_650M_UR50D,33,mean_non_special_tokens
99,POSR01_0899,18,1,positive_core,esm2_t33_650M_UR50D,33,mean_non_special_tokens
100,POSR01_0603,10,1,positive_core,esm2_t33_650M_UR50D,33,mean_non_special_tokens
101,POSR01_0567,10,1,positive_core,esm2_t33_650M_UR50D,33,mean_non_special_tokens
102,POSR01_0468,8,1,positive_core,esm2_t33_650M_UR50D,33,mean_non_special_tokens
103,POSR01_0139,5,1,positive_core,esm2_t33_650M_UR50D,33,mean_non_special_tokens
104,POSR01_0825,4,1,positive_core,esm2_t33_650M_UR50D,33,mean_non_special_tokens
105,POSR01_0356,7,1,positive_core,esm2_t33_650M_UR50D,33,mean_non_special_tokens
106,POSR01_0271,6,1,positive_core,esm2_t33_650M_UR50D,33,mean_non_special_tokens
107,POSR01_0258,6,1,positive_core,esm2_t33_650M_UR50D,33,mean_non_special_tokens
108,POSR01_0084,4,1,positive_core,esm2_t33_650M_UR50D,33,mean_non_special_tokens
109,POSR01_0392,7,1,positive_core,esm2_t33_650M_UR50D,33,mean_non_special_tokens
110,POSR01_0842,5,1,positive_core,esm2_t33_650M_UR50D,33,mean_non_special_tokens
111,POSR01_0064,4,1,positive_core,esm2_t33_650M_UR50D,33,mean_non_special_tokens
112,POSR01_0010,4,1,positive_core,esm2_t33_650M_UR50D,33,mean_non_special_tokens
113,POSR01_0524,9,1,positive_core,esm2_t33_650M_UR50D,33,mean_non_special_tokens
114,POSR01_0593,10,1,positive_core,esm2_t33_650M_UR50D,33,mean_non_special_tokens
115,POSR01_0762,14,1,positive_core,esm2_t33_650M_UR50D,33,mean_non_special_tokens
116,POSR01_0099,4,1,positive_core,esm2_t33_650M_UR50D,33,mean_non_special_tokens
117,POSR01_0136,5,1,positive_core,esm2_t33_650M_UR50D,33,mean_non_special_tokens
118,POSR01_0377,7,1,positive_core,esm2_t33_650M_UR50D,33,mean_non_special_tokens
119,POSR01_0146,5,1,positive_core,esm2_t33_650M_UR50D,33,mean_non_special_tokens
120,POSR01_0800,16,1,positive_core,esm2_t33_650M_UR50D,33,mean_non_special_tokens
121,POSR01_0464,8,1,positive_core,esm2_t33_650M_UR50D,33,mean_non_special_tokens
122,POSR01_0155,5,1,positive_core,esm2_t33_650M_UR50D,33,mean_non_special_tokens
123,POSR01_0618,11,1,positive_core,esm2_t33_650M_UR50D,33,mean_non_special_tokens
124,POSR01_0741,13,1,positive_core,esm2_t33_650M_UR50D,33,mean_non_special_tokens
125,POSR01_0066,4,1,positive_core,esm2_t33_650M_UR50D,33,mean_non_special_tokens
126,POSR01_0163,5,1,positive_core,esm2_t33_650M_UR50D,33,mean_non_special_tokens
127,POSR01_0786,15,1,positive_core,esm2_t33_650M_UR50D,33,mean_non_special_tokens
128,POSR01_0597,10,1,positive_core,esm2_t33_650M_UR50D,33,mean_non_special_tokens
129,POSR01_0611,10,1,positive_core,esm2_t33_650M_UR50D,33,mean_non_special_tokens
130,POSR01_0140,5,1,positive_core,esm2_t33_650M_UR50D,33,mean_non_special_tokens
131,POSR01_0427,8,1,positive_core,esm2_t33_650M_UR50D,33,mean_non_special_tokens
132,POSR01_0126,5,1,positive_core,esm2_t33_650M_UR50D,33,mean_non_special_tokens
133,POSR01_0410,7,1,positive_core,esm2_t33_650M_UR50D,33,mean_non_special_tokens
134,POSR01_0087,4,1,positive_core,esm2_t33_650M_UR50D,33,mean_non_special_tokens
135,POSR01_0587,10,1,positive_core,esm2_t33_650M_UR50D,33,mean_non_special_tokens
136,POSR01_0699,12,1,positive_core,esm2_t33_650M_UR50D,33,mean_non_special_tokens
137,POSR01_0067,4,1,positive_core,esm2_t33_650M_UR50D,33,mean_non_special_tokens
138,POSR01_0092,4,1,positive_core,esm2_t33_650M_UR50D,33,mean_non_special_tokens
139,POSR01_0559,10,1,positive_core,esm2_t33_650M_UR50D,33,mean_non_special_tokens
140,POSR01_0814,17,1,positive_core,esm2_t33_650M_UR50D,33,mean_non_special_tokens
141,POSR01_0011,4,1,positive_core,esm2_t33_650M_UR50D,33,mean_non_special_tokens
142,POSR01_0036,4,1,positive_core,esm2_t33_650M_UR50D,33,mean_non_special_tokens
143,POSR01_0252,6,1,positive_core,esm2_t33_650M_UR50D,33,mean_non_special_tokens
144,POSR01_0031,4,1,positive_core,esm2_t33_650M_UR50D,33,mean_non_special_tokens
145,POSR01_0346,6,1,positive_core,esm2_t33_650M_UR50D,33,mean_non_special_tokens
146,POSR01_0142,5,1,positive_core,esm2_t33_650M_UR50D,33,mean_non_special_tokens
147,POSR01_0318,6,1,positive_core,esm2_t33_650M_UR50D,33,mean_non_special_tokens
148,POSR01_0326,6,1,positive_core,esm2_t33_650M_UR50D,33,mean_non_special_tokens
149,POSR01_0232,5,1,positive_core,esm2_t33_650M_UR50D,33,mean_non_special_tokens
150,POSR01_0288,6,1,positive_core,esm2_t33_650M_UR50D,33,mean_non_special_tokens
151,POSR01_0057,4,1,positive_core,esm2_t33_650M_UR50D,33,mean_non_special_tokens
152,POSR01_0044,4,1,positive_core,esm2_t33_650M_UR50D,33,mean_non_special_tokens
153,POSR01_0530,9,1,positive_core,esm2_t33_650M_UR50D,33,mean_non_special_tokens
154,POSR01_0342,6,1,positive_core,esm2_t33_650M_UR50D,33,mean_non_special_tokens
155,POSR01_0012,4,1,positive_core,esm2_t33_650M_UR50D,33,mean_non_special_tokens
156,POSR01_0274,6,1,positive_core,esm2_t33_650M_UR50D,33,mean_non_special_tokens
157,POSR01_0200,5,1,positive_core,esm2_t33_650M_UR50D,33,mean_non_special_tokens
158,POSR01_0138,5,1,positive_core,esm2_t33_650M_UR50D,33,mean_non_special_tokens
159,POSR01_0303,6,1,positive_core,esm2_t33_650M_UR50D,33,mean_non_special_tokens
160,POSR01_0234,5,1,positive_core,esm2_t33_650M_UR50D,33,mean_non_special_tokens
161,POSR01_0580,10,1,positive_core,esm2_t33_650M_UR50D,33,mean_non_special_tokens
162,POSR01_0270,6,1,positive_core,esm2_t33_650M_UR50D,33,mean_non_special_tokens
163,POSR01_0771,14,1,positive_core,esm2_t33_650M_UR50D,33,mean_non_special_tokens
164,POSR01_0241,5,1,positive_core,esm2_t33_650M_UR50D,33,mean_non_special_tokens
165,POSR01_0145,5,1,positive_core,esm2_t33_650M_UR50D,33,mean_non_special_tokens
166,POSR01_0180,5,1,positive_core,esm2_t33_650M_UR50D,33,mean_non_special_tokens
167,POSR01_0810,16,1,positive_core,esm2_t33_650M_UR50D,33,mean_non_special_tokens
168,POSR01_0313,6,1,positive_core,esm2_t33_650M_UR50D,33,mean_non_special_tokens
169,POSR01_0112,5,1,positive_core,esm2_t33_650M_UR50D,33,mean_non_special_tokens
170,POSR01_0093,4,1,positive_core,esm2_t33_650M_UR50D,33,mean_non_special_tokens
171,POSR01_0774,14,1,positive_core,esm2_t33_650M_UR50D,33,mean_non_special_tokens
172,POSR01_0032,4,1,positive_core,esm2_t33_650M_UR50D,33,mean_non_special_tokens
173,POSR01_0370,7,1,positive_core,esm2_t33_650M_UR50D,33,mean_non_special_tokens
174,POSR01_0849,5,1,positive_core,esm2_t33_650M_UR50D,33,mean_non_special_tokens
175,POSR01_0787,15,1,positive_core,esm2_t33_650M_UR50D,33,mean_non_special_tokens
176,POSR01_0638,11,1,positive_core,esm2_t33_650M_UR50D,33,mean_non_special_tokens
177,POSR01_0658,11,1,positive_core,esm2_t33_650M_UR50D,33,mean_non_special_tokens
178,POSR01_0304,6,1,positive_core,esm2_t33_650M_UR50D,33,mean_non_special_tokens
179,POSR01_0051,4,1,positive_core,esm2_t33_650M_UR50D,33,mean_non_special_tokens
180,POSR01_0575,10,1,positive_core,esm2_t33_650M_UR50D,33,mean_non_special_tokens
181,POSR01_0868,7,1,positive_core,esm2_t33_650M_UR50D,33,mean_non_special_tokens
182,POSR01_0497,9,1,positive_core,esm2_t33_650M_UR50D,33,mean_non_special_tokens
183,POSR01_0437,8,1,positive_core,esm2_t33_650M_UR50D,33,mean_non_special_tokens
184,POSR01_0360,7,1,positive_core,esm2_t33_650M_UR50D,33,mean_non_special_tokens
185,POSR01_0449,8,1,positive_core,esm2_t33_650M_UR50D,33,mean_non_special_tokens
186,POSR01_0105,4,1,positive_core,esm2_t33_650M_UR50D,33,mean_non_special_tokens
187,POSR01_0525,9,1,positive_core,esm2_t33_650M_UR50D,33,mean_non_special_tokens
188,POSR01_0076,4,1,positive_core,esm2_t33_650M_UR50D,33,mean_non_special_tokens
189,POSR01_0703,12,1,positive_core,esm2_t33_650M_UR50D,33,mean_non_special_tokens
190,POSR01_0826,4,1,positive_core,esm2_t33_650M_UR50D,33,mean_non_special_tokens
191,POSR01_0877,8,1,positive_core,esm2_t33_650M_UR50D,33,mean_non_special_tokens
192,POSR01_0428,8,1,positive_core,esm2_t33_650M_UR50D,33,mean_non_special_tokens
193,POSR01_0425,8,1,positive_core,esm2_t33_650M_UR50D,33,mean_non_special_tokens
194,POSR01_0127,5,1,positive_core,esm2_t33_650M_UR50D,33,mean_non_special_tokens
195,POSR01_0558,10,1,positive_core,esm2_t33_650M_UR50D,33,mean_non_special_tokens
196,POSR01_0514,9,1,positive_core,esm2_t33_650M_UR50D,33,mean_non_special_tokens
197,POSR01_0701,12,1,positive_core,esm2_t33_650M_UR50D,33,mean_non_special_tokens
198,POSR01_0875,8,1,positive_core,esm2_t33_650M_UR50D,33,mean_non_special_tokens
199,POSR01_0852,5,1,positive_core,esm2_t33_650M_UR50D,33,mean_non_special_tokens
200,POSR01_0079,4,1,positive_core,esm2_t33_650M_UR50D,33,mean_non_special_tokens
201,POSR01_0077,4,1,positive_core,esm2_t33_650M_UR50D,33,mean_non_special_tokens
202,POSR01_0548,10,1,positive_core,esm2_t33_650M_UR50D,33,mean_non_special_tokens
203,POSR01_0300,6,1,positive_core,esm2_t33_650M_UR50D,33,mean_non_special_tokens
204,POSR01_0695,12,1,positive_core,esm2_t33_650M_UR50D,33,mean_non_special_tokens
205,POSR01_0314,6,1,positive_core,esm2_t33_650M_UR50D,33,mean_non_special_tokens
206,POSR01_0166,5,1,positive_core,esm2_t33_650M_UR50D,33,mean_non_special_tokens
207,POSR01_0357,7,1,positive_core,esm2_t33_650M_UR50D,33,mean_non_special_tokens
208,POSR01_0049,4,1,positive_core,esm2_t33_650M_UR50D,33,mean_non_special_tokens
209,POSR01_0713,13,1,positive_core,esm2_t33_650M_UR50D,33,mean_non_special_tokens
210,POSR01_0876,8,1,positive_core,esm2_t33_650M_UR50D,33,mean_non_special_tokens
211,POSR01_0408,7,1,positive_core,esm2_t33_650M_UR50D,33,mean_non_special_tokens
212,POSR01_0721,13,1,positive_core,esm2_t33_650M_UR50D,33,mean_non_special_tokens
213,POSR01_0642,11,1,positive_core,esm2_t33_650M_UR50D,33,mean_non_special_tokens
214,POSR01_0325,6,1,positive_core,esm2_t33_650M_UR50D,33,mean_non_special_tokens
215,POSR01_0120,5,1,positive_core,esm2_t33_650M_UR50D,33,mean_non_special_tokens
216,POSR01_0568,10,1,positive_core,esm2_t33_650M_UR50D,33,mean_non_special_tokens
217,POSR01_0631,11,1,positive_core,esm2_t33_650M_UR50D,33,mean_non_special_tokens
218,POSR01_0158,5,1,positive_core,esm2_t33_650M_UR50D,33,mean_non_special_tokens
219,POSR01_0298,6,1,positive_core,esm2_t33_650M_UR50D,33,mean_non_special_tokens
220,POSR01_0486,8,1,positive_core,esm2_t33_650M_UR50D,33,mean_non_special_tokens
221,POSR01_0409,7,1,positive_core,esm2_t33_650M_UR50D,33,mean_non_special_tokens
222,POSR01_0224,5,1,positive_core,esm2_t33_650M_UR50D,33,mean_non_special_tokens
223,POSR01_0026,4,1,positive_core,esm2_t33_650M_UR50D,33,mean_non_special_tokens
224,POSR01_0246,6,1,positive_core,esm2_t33_650M_UR50D,33,mean_non_special_tokens
225,POSR01_0502,9,1,positive_core,esm2_t33_650M_UR50D,33,mean_non_special_tokens
226,POSR01_0286,6,1,positive_core,esm2_t33_650M_UR50D,33,mean_non_special_tokens
227,POSR01_0661,12,1,positive_core,esm2_t33_650M_UR50D,33,mean_non_special_tokens
228,POSR01_0082,4,1,positive_core,esm2_t33_650M_UR50D,33,mean_non_special_tokens
229,POSR01_0419,7,1,positive_core,esm2_t33_650M_UR50D,33,mean_non_special_tokens
230,POSR01_0390,7,1,positive_core,esm2_t33_650M_UR50D,33,mean_non_special_tokens
231,POSR01_0709,12,1,positive_core,esm2_t33_650M_UR50D,33,mean_non_special_tokens
232,POSR01_0727,13,1,positive_core,esm2_t33_650M_UR50D,33,mean_non_special_tokens
233,POSR01_0272,6,1,positive_core,esm2_t33_650M_UR50D,33,mean_non_special_tokens
234,POSR01_0168,5,1,positive_core,esm2_t33_650M_UR50D,33,mean_non_special_tokens
235,POSR01_0354,7,1,positive_core,esm2_t33_650M_UR50D,33,mean_non_special_tokens
236,POSR01_0081,4,1,positive_core,esm2_t33_650M_UR50D,33,mean_non_special_tokens
237,POSR01_0154,5,1,positive_core,esm2_t33_650M_UR50D,33,mean_non_special_tokens
238,POSR01_0887,9,1,positive_core,esm2_t33_650M_UR50D,33,mean_non_special_tokens
239,POSR01_0330,6,1,positive_core,esm2_t33_650M_UR50D,33,mean_non_special_tokens
240,POSR01_0841,5,1,positive_core,esm2_t33_650M_UR50D,33,mean_non_special_tokens
241,POSR01_0784,15,1,positive_core,esm2_t33_650M_UR50D,33,mean_non_special_tokens
242,POSR01_0576,10,1,positive_core,esm2_t33_650M_UR50D,33,mean_non_special_tokens
243,POSR01_0059,4,1,positive_core,esm2_t33_650M_UR50D,33,mean_non_special_tokens
244,POSR01_0624,11,1,positive_core,esm2_t33_650M_UR50D,33,mean_non_special_tokens
245,POSR01_0652,11,1,positive_core,esm2_t33_650M_UR50D,33,mean_non_special_tokens
246,POSR01_0656,11,1,positive_core,esm2_t33_650M_UR50D,33,mean_non_special_tokens
247,POSR01_0767,14,1,positive_core,esm2_t33_650M_UR50D,33,mean_non_special_tokens
248,POSR01_0890,9,1,positive_core,esm2_t33_650M_UR50D,33,mean_non_special_tokens
249,POSR01_0537,9,1,positive_core,esm2_t33_650M_UR50D,33,mean_non_special_tokens
250,POSR01_0515,9,1,positive_core,esm2_t33_650M_UR50D,33,mean_non_special_tokens
251,POSR01_0293,6,1,positive_core,esm2_t33_650M_UR50D,33,mean_non_special_tokens
252,POSR01_0432,8,1,positive_core,esm2_t33_650M_UR50D,33,mean_non_special_tokens
253,POSR01_0189,5,1,positive_core,esm2_t33_650M_UR50D,33,mean_non_special_tokens
254,POSR01_0416,7,1,positive_core,esm2_t33_650M_UR50D,33,mean_non_special_tokens
255,POSR01_0745,13,1,positive_core,esm2_t33_650M_UR50D,33,mean_non_special_tokens
256,POSR01_0547,10,1,positive_core,esm2_t33_650M_UR50D,33,mean_non_special_tokens
257,POSR01_0569,10,1,positive_core,esm2_t33_650M_UR50D,33,mean_non_special_tokens
258,POSR01_0308,6,1,positive_core,esm2_t33_650M_UR50D,33,mean_non_special_tokens
259,POSR01_0821,18,1,positive_core,esm2_t33_650M_UR50D,33,mean_non_special_tokens
260,POSR01_0772,14,1,positive_core,esm2_t33_650M_UR50D,33,mean_non_special_tokens
261,POSR01_0509,9,1,positive_core,esm2_t33_650M_UR50D,33,mean_non_special_tokens
262,POSR01_0375,7,1,positive_core,esm2_t33_650M_UR50D,33,mean_non_special_tokens
263,POSR01_0415,7,1,positive_core,esm2_t33_650M_UR50D,33,mean_non_special_tokens
264,POSR01_0702,12,1,positive_core,esm2_t33_650M_UR50D,33,mean_non_special_tokens
265,POSR01_0294,6,1,positive_core,esm2_t33_650M_UR50D,33,mean_non_special_tokens
266,POSR01_0068,4,1,positive_core,esm2_t33_650M_UR50D,33,mean_non_special_tokens
267,POSR01_0414,7,1,positive_core,esm2_t33_650M_UR50D,33,mean_non_special_tokens
268,POSR01_0510,9,1,positive_core,esm2_t33_650M_UR50D,33,mean_non_special_tokens
269,POSR01_0828,4,1,positive_core,esm2_t33_650M_UR50D,33,mean_non_special_tokens
270,POSR01_0723,13,1,positive_core,esm2_t33_650M_UR50D,33,mean_non_special_tokens
271,POSR01_0834,4,1,positive_core,esm2_t33_650M_UR50D,33,mean_non_special_tokens
272,POSR01_0393,7,1,positive_core,esm2_t33_650M_UR50D,33,mean_non_special_tokens
273,POSR01_0261,6,1,positive_core,esm2_t33_650M_UR50D,33,mean_non_special_tokens
274,POSR01_0156,5,1,positive_core,esm2_t33_650M_UR50D,33,mean_non_special_tokens
275,POSR01_0056,4,1,positive_core,esm2_t33_650M_UR50D,33,mean_non_special_tokens
276,POSR01_0715,13,1,positive_core,esm2_t33_650M_UR50D,33,mean_non_special_tokens
277,POSR01_0667,12,1,positive_core,esm2_t33_650M_UR50D,33,mean_non_special_tokens
278,POSR01_0024,4,1,positive_core,esm2_t33_650M_UR50D,33,mean_non_special_tokens
279,POSR01_0137,5,1,positive_core,esm2_t33_650M_UR50D,33,mean_non_special_tokens
280,POSR01_0889,9,1,positive_core,esm2_t33_650M_UR50D,33,mean_non_special_tokens
281,POSR01_0621,11,1,positive_core,esm2_t33_650M_UR50D,33,mean_non_special_tokens
282,POSR01_0478,8,1,positive_core,esm2_t33_650M_UR50D,33,mean_non_special_tokens
283,POSR01_0281,6,1,positive_core,esm2_t33_650M_UR50D,33,mean_non_special_tokens
284,POSR01_0765,14,1,positive_core,esm2_t33_650M_UR50D,33,mean_non_special_tokens
285,POSR01_0738,13,1,positive_core,esm2_t33_650M_UR50D,33,mean_non_special_tokens
286,POSR01_0117,5,1,positive_core,esm2_t33_650M_UR50D,33,mean_non_special_tokens
287,POSR01_0407,7,1,positive_core,esm2_t33_650M_UR50D,33,mean_non_special_tokens
288,POSR01_0226,5,1,positive_core,esm2_t33_650M_UR50D,33,mean_non_special_tokens
289,POSR01_0411,7,1,positive_core,esm2_t33_650M_UR50D,33,mean_non_special_tokens
290,POSR01_0856,5,1,positive_core,esm2_t33_650M_UR50D,33,mean_non_special_tokens
291,POSR01_0896,14,1,positive_core,esm2_t33_650M_UR50D,33,mean_non_special_tokens
292,POSR01_0601,10,1,positive_core,esm2_t33_650M_UR50D,33,mean_non_special_tokens
293,POSR01_0724,13,1,positive_core,esm2_t33_650M_UR50D,33,mean_non_special_tokens
294,POSR01_0857,6,1,positive_core,esm2_t33_650M_UR50D,33,mean_non_special_tokens
295,POSR01_0607,10,1,positive_core,esm2_t33_650M_UR50D,33,mean_non_special_tokens
296,POSR01_0535,9,1,positive_core,esm2_t33_650M_UR50D,33,mean_non_special_tokens
297,POSR01_0426,8,1,positive_core,esm2_t33_650M_UR50D,33,mean_non_special_tokens
298,POSR01_0358,7,1,positive_core,esm2_t33_650M_UR50D,33,mean_non_special_tokens
299,POSR01_0850,5,1,positive_core,esm2_t33_650M_UR50D,33,mean_non_special_tokens
300,POSR01_0033,4,1,positive_core,esm2_t33_650M_UR50D,33,mean_non_special_tokens
301,POSR01_0546,9,1,positive_core,esm2_t33_650M_UR50D,33,mean_non_special_tokens
302,POSR01_0366,7,1,positive_core,esm2_t33_650M_UR50D,33,mean_non_special_tokens
303,POSR01_0648,11,1,positive_core,esm2_t33_650M_UR50D,33,mean_non_special_tokens
304,POSR01_0421,7,1,positive_core,esm2_t33_650M_UR50D,33,mean_non_special_tokens
305,POSR01_0395,7,1,positive_core,esm2_t33_650M_UR50D,33,mean_non_special_tokens
306,POSR01_0228,5,1,positive_core,esm2_t33_650M_UR50D,33,mean_non_special_tokens
307,POSR01_0332,6,1,positive_core,esm2_t33_650M_UR50D,33,mean_non_special_tokens
308,POSR01_0893,11,1,positive_core,esm2_t33_650M_UR50D,33,mean_non_special_tokens
309,POSR01_0471,8,1,positive_core,esm2_t33_650M_UR50D,33,mean_non_special_tokens
310,POSR01_0758,14,1,positive_core,esm2_t33_650M_UR50D,33,mean_non_special_tokens
311,POSR01_0350,7,1,positive_core,esm2_t33_650M_UR50D,33,mean_non_special_tokens
312,POSR01_0295,6,1,positive_core,esm2_t33_650M_UR50D,33,mean_non_special_tokens
313,POSR01_0322,6,1,positive_core,esm2_t33_650M_UR50D,33,mean_non_special_tokens
314,POSR01_0473,8,1,positive_core,esm2_t33_650M_UR50D,33,mean_non_special_tokens
315,POSR01_0339,6,1,positive_core,esm2_t33_650M_UR50D,33,mean_non_special_tokens
316,POSR01_0614,11,1,positive_core,esm2_t33_650M_UR50D,33,mean_non_special_tokens
317,POSR01_0175,5,1,positive_core,esm2_t33_650M_UR50D,33,mean_non_special_tokens
318,POSR01_0111,5,1,positive_core,esm2_t33_650M_UR50D,33,mean_non_special_tokens
319,POSR01_0379,7,1,positive_core,esm2_t33_650M_UR50D,33,mean_non_special_tokens
320,POSR01_0080,4,1,positive_core,esm2_t33_650M_UR50D,33,mean_non_special_tokens
321,POSR01_0106,4,1,positive_core,esm2_t33_650M_UR50D,33,mean_non_special_tokens
322,POSR01_0050,4,1,positive_core,esm2_t33_650M_UR50D,33,mean_non_special_tokens
323,POSR01_0062,4,1,positive_core,esm2_t33_650M_UR50D,33,mean_non_special_tokens
324,POSR01_0100,4,1,positive_core,esm2_t33_650M_UR50D,33,mean_non_special_tokens
325,POSR01_0115,5,1,positive_core,esm2_t33_650M_UR50D,33,mean_non_special_tokens
326,POSR01_0042,4,1,positive_core,esm2_t33_650M_UR50D,33,mean_non_special_tokens
327,POSR01_0260,6,1,positive_core,esm2_t33_650M_UR50D,33,mean_non_special_tokens
328,POSR01_0640,11,1,positive_core,esm2_t33_650M_UR50D,33,mean_non_special_tokens
329,POSR01_0505,9,1,positive_core,esm2_t33_650M_UR50D,33,mean_non_special_tokens
330,POSR01_0732,13,1,positive_core,esm2_t33_650M_UR50D,33,mean_non_special_tokens
331,POSR01_0734,13,1,positive_core,esm2_t33_650M_UR50D,33,mean_non_special_tokens
332,POSR01_0208,5,1,positive_core,esm2_t33_650M_UR50D,33,mean_non_special_tokens
333,POSR01_0119,5,1,positive_core,esm2_t33_650M_UR50D,33,mean_non_special_tokens
334,POSR01_0645,11,1,positive_core,esm2_t33_650M_UR50D,33,mean_non_special_tokens
335,POSR01_0582,10,1,positive_core,esm2_t33_650M_UR50D,33,mean_non_special_tokens
336,POSR01_0182,5,1,positive_core,esm2_t33_650M_UR50D,33,mean_non_special_tokens
337,POSR01_0275,6,1,positive_core,esm2_t33_650M_UR50D,33,mean_non_special_tokens
338,POSR01_0181,5,1,positive_core,esm2_t33_650M_UR50D,33,mean_non_special_tokens
339,POSR01_0472,8,1,positive_core,esm2_t33_650M_UR50D,33,mean_non_special_tokens
340,POSR01_0121,5,1,positive_core,esm2_t33_650M_UR50D,33,mean_non_special_tokens
341,POSR01_0176,5,1,positive_core,esm2_t33_650M_UR50D,33,mean_non_special_tokens
342,POSR01_0353,7,1,positive_core,esm2_t33_650M_UR50D,33,mean_non_special_tokens
343,POSR01_0872,7,1,positive_core,esm2_t33_650M_UR50D,33,mean_non_special_tokens
344,POSR01_0233,5,1,positive_core,esm2_t33_650M_UR50D,33,mean_non_special_tokens
345,POSR01_0265,6,1,positive_core,esm2_t33_650M_UR50D,33,mean_non_special_tokens
346,POSR01_0674,12,1,positive_core,esm2_t33_650M_UR50D,33,mean_non_special_tokens
347,POSR01_0864,6,1,positive_core,esm2_t33_650M_UR50D,33,mean_non_special_tokens
348,POSR01_0203,5,1,positive_core,esm2_t33_650M_UR50D,33,mean_non_special_tokens
349,POSR01_0017,4,1,positive_core,esm2_t33_650M_UR50D,33,mean_non_special_tokens
350,POSR01_0557,10,1,positive_core,esm2_t33_650M_UR50D,33,mean_non_special_tokens
351,POSR01_0898,17,1,positive_core,esm2_t33_650M_UR50D,33,mean_non_special_tokens
352,POSR01_0133,5,1,positive_core,esm2_t33_650M_UR50D,33,mean_non_special_tokens
353,POSR01_0179,5,1,positive_core,esm2_t33_650M_UR50D,33,mean_non_special_tokens
354,POSR01_0280,6,1,positive_core,esm2_t33_650M_UR50D,33,mean_non_special_tokens
355,POSR01_0833,4,1,positive_core,esm2_t33_650M_UR50D,33,mean_non_special_tokens
356,POSR01_0372,7,1,positive_core,esm2_t33_650M_UR50D,33,mean_non_special_tokens
357,POSR01_0381,7,1,positive_core,esm2_t33_650M_UR50D,33,mean_non_special_tokens
358,POSR01_0466,8,1,positive_core,esm2_t33_650M_UR50D,33,mean_non_special_tokens
359,POSR01_0317,6,1,positive_core,esm2_t33_650M_UR50D,33,mean_non_special_tokens
360,POSR01_0604,10,1,positive_core,esm2_t33_650M_UR50D,33,mean_non_special_tokens
361,POSR01_0565,10,1,positive_core,esm2_t33_650M_UR50D,33,mean_non_special_tokens
362,POSR01_0157,5,1,positive_core,esm2_t33_650M_UR50D,33,mean_non_special_tokens
363,POSR01_0718,13,1,positive_core,esm2_t33_650M_UR50D,33,mean_non_special_tokens
364,POSR01_0692,12,1,positive_core,esm2_t33_650M_UR50D,33,mean_non_special_tokens
365,POSR01_0840,5,1,positive_core,esm2_t33_650M_UR50D,33,mean_non_special_tokens
366,POSR01_0858,6,1,positive_core,esm2_t33_650M_UR50D,33,mean_non_special_tokens
367,POSR01_0848,5,1,positive_core,esm2_t33_650M_UR50D,33,mean_non_special_tokens
368,POSR01_0296,6,1,positive_core,esm2_t33_650M_UR50D,33,mean_non_special_tokens
369,POSR01_0227,5,1,positive_core,esm2_t33_650M_UR50D,33,mean_non_special_tokens
370,POSR01_0777,14,1,positive_core,esm2_t33_650M_UR50D,33,mean_non_special_tokens
371,POSR01_0873,7,1,positive_core,esm2_t33_650M_UR50D,33,mean_non_special_tokens
372,POSR01_0075,4,1,positive_core,esm2_t33_650M_UR50D,33,mean_non_special_tokens
373,POSR01_0793,15,1,positive_core,esm2_t33_650M_UR50D,33,mean_non_special_tokens
374,POSR01_0538,9,1,positive_core,esm2_t33_650M_UR50D,33,mean_non_special_tokens
375,POSR01_0829,4,1,positive_core,esm2_t33_650M_UR50D,33,mean_non_special_tokens
376,POSR01_0027,4,1,positive_core,esm2_t33_650M_UR50D,33,mean_non_special_tokens
377,POSR01_0387,7,1,positive_core,esm2_t33_650M_UR50D,33,mean_non_special_tokens
378,POSR01_0348,6,1,positive_core,esm2_t33_650M_UR50D,33,mean_non_special_tokens
379,POSR01_0430,8,1,positive_core,esm2_t33_650M_UR50D,33,mean_non_special_tokens
380,POSR01_0503,9,1,positive_core,esm2_t33_650M_UR50D,33,mean_non_special_tokens
381,POSR01_0451,8,1,positive_core,esm2_t33_650M_UR50D,33,mean_non_special_tokens
382,POSR01_0391,7,1,positive_core,esm2_t33_650M_UR50D,33,mean_non_special_tokens
383,POSR01_0335,6,1,positive_core,esm2_t33_650M_UR50D,33,mean_non_special_tokens
384,POSR01_0041,4,1,positive_core,esm2_t33_650M_UR50D,33,mean_non_special_tokens
385,POSR01_0206,5,1,positive_core,esm2_t33_650M_UR50D,33,mean_non_special_tokens
386,POSR01_0005,4,1,positive_core,esm2_t33_650M_UR50D,33,mean_non_special_tokens
387,POSR01_0561,10,1,positive_core,esm2_t33_650M_UR50D,33,mean_non_special_tokens
388,POSR01_0562,10,1,positive_core,esm2_t33_650M_UR50D,33,mean_non_special_tokens
389,POSR01_0749,13,1,positive_core,esm2_t33_650M_UR50D,33,mean_non_special_tokens
390,POSR01_0107,4,1,positive_core,esm2_t33_650M_UR50D,33,mean_non_special_tokens
391,POSR01_0209,5,1,positive_core,esm2_t33_650M_UR50D,33,mean_non_special_tokens
392,POSR01_0184,5,1,positive_core,esm2_t33_650M_UR50D,33,mean_non_special_tokens
393,POSR01_0267,6,1,positive_core,esm2_t33_650M_UR50D,33,mean_non_special_tokens
394,POSR01_0886,9,1,positive_core,esm2_t33_650M_UR50D,33,mean_non_special_tokens
395,POSR01_0134,5,1,positive_core,esm2_t33_650M_UR50D,33,mean_non_special_tokens
396,POSR01_0779,14,1,positive_core,esm2_t33_650M_UR50D,33,mean_non_special_tokens
397,POSR01_0843,5,1,positive_core,esm2_t33_650M_UR50D,33,mean_non_special_tokens
398,POSR01_0791,15,1,positive_core,esm2_t33_650M_UR50D,33,mean_non_special_tokens
399,POSR01_0071,4,1,positive_core,esm2_t33_650M_UR50D,33,mean_non_special_tokens
400,POSR01_0719,13,1,positive_core,esm2_t33_650M_UR50D,33,mean_non_special_tokens
401,POSR01_0253,6,1,positive_core,esm2_t33_650M_UR50D,33,mean_non_special_tokens
402,POSR01_0484,8,1,positive_core,esm2_t33_650M_UR50D,33,mean_non_special_tokens
403,POSR01_0016,4,1,positive_core,esm2_t33_650M_UR50D,33,mean_non_special_tokens
404,POSR01_0632,11,1,positive_core,esm2_t33_650M_UR50D,33,mean_non_special_tokens
405,POSR01_0373,7,1,positive_core,esm2_t33_650M_UR50D,33,mean_non_special_tokens
406,POSR01_0865,6,1,positive_core,esm2_t33_650M_UR50D,33,mean_non_special_tokens
407,POSR01_0376,7,1,positive_core,esm2_t33_650M_UR50D,33,mean_non_special_tokens
408,POSR01_0798,15,1,positive_core,esm2_t33_650M_UR50D,33,mean_non_special_tokens
409,POSR01_0205,5,1,positive_core,esm2_t33_650M_UR50D,33,mean_non_special_tokens
410,POSR01_0341,6,1,positive_core,esm2_t33_650M_UR50D,33,mean_non_special_tokens
411,POSR01_0048,4,1,positive_core,esm2_t33_650M_UR50D,33,mean_non_special_tokens
412,POSR01_0278,6,1,positive_core,esm2_t33_650M_UR50D,33,mean_non_special_tokens
413,POSR01_0160,5,1,positive_core,esm2_t33_650M_UR50D,33,mean_non_special_tokens
414,POSR01_0344,6,1,positive_core,esm2_t33_650M_UR50D,33,mean_non_special_tokens
415,POSR01_0617,11,1,positive_core,esm2_t33_650M_UR50D,33,mean_non_special_tokens
416,POSR01_0768,14,1,positive_core,esm2_t33_650M_UR50D,33,mean_non_special_tokens
417,POSR01_0554,10,1,positive_core,esm2_t33_650M_UR50D,33,mean_non_special_tokens
418,POSR01_0883,8,1,positive_core,esm2_t33_650M_UR50D,33,mean_non_special_tokens
419,POSR01_0282,6,1,positive_core,esm2_t33_650M_UR50D,33,mean_non_special_tokens
420,POSR01_0487,8,1,positive_core,esm2_t33_650M_UR50D,33,mean_non_special_tokens
421,POSR01_0336,6,1,positive_core,esm2_t33_650M_UR50D,33,mean_non_special_tokens
422,POSR01_0757,14,1,positive_core,esm2_t33_650M_UR50D,33,mean_non_special_tokens
423,POSR01_0152,5,1,positive_core,esm2_t33_650M_UR50D,33,mean_non_special_tokens
424,POSR01_0320,6,1,positive_core,esm2_t33_650M_UR50D,33,mean_non_special_tokens
425,POSR01_0616,11,1,positive_core,esm2_t33_650M_UR50D,33,mean_non_special_tokens
426,POSR01_0343,6,1,positive_core,esm2_t33_650M_UR50D,33,mean_non_special_tokens
427,POSR01_0378,7,1,positive_core,esm2_t33_650M_UR50D,33,mean_non_special_tokens
428,POSR01_0413,7,1,positive_core,esm2_t33_650M_UR50D,33,mean_non_special_tokens
429,POSR01_0790,15,1,positive_core,esm2_t33_650M_UR50D,33,mean_non_special_tokens
430,POSR01_0171,5,1,positive_core,esm2_t33_650M_UR50D,33,mean_non_special_tokens
431,POSR01_0190,5,1,positive_core,esm2_t33_650M_UR50D,33,mean_non_special_tokens
432,POSR01_0385,7,1,positive_core,esm2_t33_650M_UR50D,33,mean_non_special_tokens
433,POSR01_0831,4,1,positive_core,esm2_t33_650M_UR50D,33,mean_non_special_tokens
434,POSR01_0853,5,1,positive_core,esm2_t33_650M_UR50D,33,mean_non_special_tokens
435,POSR01_0028,4,1,positive_core,esm2_t33_650M_UR50D,33,mean_non_special_tokens
436,POSR01_0549,10,1,positive_core,esm2_t33_650M_UR50D,33,mean_non_special_tokens
437,POSR01_0444,8,1,positive_core,esm2_t33_650M_UR50D,33,mean_non_special_tokens
438,POSR01_0598,10,1,positive_core,esm2_t33_650M_UR50D,33,mean_non_special_tokens
439,POSR01_0736,13,1,positive_core,esm2_t33_650M_UR50D,33,mean_non_special_tokens
440,POSR01_0299,6,1,positive_core,esm2_t33_650M_UR50D,33,mean_non_special_tokens
441,POSR01_0770,14,1,positive_core,esm2_t33_650M_UR50D,33,mean_non_special_tokens
442,POSR01_0450,8,1,positive_core,esm2_t33_650M_UR50D,33,mean_non_special_tokens
443,POSR01_0747,13,1,positive_core,esm2_t33_650M_UR50D,33,mean_non_special_tokens
444,POSR01_0135,5,1,positive_core,esm2_t33_650M_UR50D,33,mean_non_special_tokens
445,POSR01_0239,5,1,positive_core,esm2_t33_650M_UR50D,33,mean_non_special_tokens
446,POSR01_0301,6,1,positive_core,esm2_t33_650M_UR50D,33,mean_non_special_tokens
447,POSR01_0668,12,1,positive_core,esm2_t33_650M_UR50D,33,mean_non_special_tokens
448,POSR01_0249,6,1,positive_core,esm2_t33_650M_UR50D,33,mean_non_special_tokens
449,POSR01_0268,6,1,positive_core,esm2_t33_650M_UR50D,33,mean_non_special_tokens
450,POSR01_0521,9,1,positive_core,esm2_t33_650M_UR50D,33,mean_non_special_tokens
451,POSR01_0457,8,1,positive_core,esm2_t33_650M_UR50D,33,mean_non_special_tokens
452,POSR01_0025,4,1,positive_core,esm2_t33_650M_UR50D,33,mean_non_special_tokens
453,POSR01_0125,5,1,positive_core,esm2_t33_650M_UR50D,33,mean_non_special_tokens
454,POSR01_0545,9,1,positive_core,esm2_t33_650M_UR50D,33,mean_non_special_tokens
455,POSR01_0495,9,1,positive_core,esm2_t33_650M_UR50D,33,mean_non_special_tokens
456,POSR01_0130,5,1,positive_core,esm2_t33_650M_UR50D,33,mean_non_special_tokens
457,POSR01_0717,13,1,positive_core,esm2_t33_650M_UR50D,33,mean_non_special_tokens
458,POSR01_0384,7,1,positive_core,esm2_t33_650M_UR50D,33,mean_non_special_tokens
459,POSR01_0815,17,1,positive_core,esm2_t33_650M_UR50D,33,mean_non_special_tokens
460,POSR01_0693,12,1,positive_core,esm2_t33_650M_UR50D,33,mean_non_special_tokens
461,POSR01_0263,6,1,positive_core,esm2_t33_650M_UR50D,33,mean_non_special_tokens
462,POSR01_0147,5,1,positive_core,esm2_t33_650M_UR50D,33,mean_non_special_tokens
463,POSR01_0483,8,1,positive_core,esm2_t33_650M_UR50D,33,mean_non_special_tokens
464,POSR01_0845,5,1,positive_core,esm2_t33_650M_UR50D,33,mean_non_special_tokens
465,POSR01_0446,8,1,positive_core,esm2_t33_650M_UR50D,33,mean_non_special_tokens
466,POSR01_0337,6,1,positive_core,esm2_t33_650M_UR50D,33,mean_non_special_tokens
467,POSR01_0359,7,1,positive_core,esm2_t33_650M_UR50D,33,mean_non_special_tokens
468,POSR01_0461,8,1,positive_core,esm2_t33_650M_UR50D,33,mean_non_special_tokens
469,POSR01_0307,6,1,positive_core,esm2_t33_650M_UR50D,33,mean_non_special_tokens
470,POSR01_0706,12,1,positive_core,esm2_t33_650M_UR50D,33,mean_non_special_tokens
471,POSR01_0482,8,1,positive_core,esm2_t33_650M_UR50D,33,mean_non_special_tokens
472,POSR01_0251,6,1,positive_core,esm2_t33_650M_UR50D,33,mean_non_special_tokens
473,POSR01_0805,16,1,positive_core,esm2_t33_650M_UR50D,33,mean_non_special_tokens
474,POSR01_0088,4,1,positive_core,esm2_t33_650M_UR50D,33,mean_non_special_tokens
475,POSR01_0608,10,1,positive_core,esm2_t33_650M_UR50D,33,mean_non_special_tokens
476,POSR01_0636,11,1,positive_core,esm2_t33_650M_UR50D,33,mean_non_special_tokens
477,POSR01_0368,7,1,positive_core,esm2_t33_650M_UR50D,33,mean_non_special_tokens
478,POSR01_0235,5,1,positive_core,esm2_t33_650M_UR50D,33,mean_non_special_tokens
479,POSR01_0714,13,1,positive_core,esm2_t33_650M_UR50D,33,mean_non_special_tokens
480,POSR01_0434,8,1,positive_core,esm2_t33_650M_UR50D,33,mean_non_special_tokens
481,POSR01_0596,10,1,positive_core,esm2_t33_650M_UR50D,33,mean_non_special_tokens
482,POSR01_0691,12,1,positive_core,esm2_t33_650M_UR50D,33,mean_non_special_tokens
483,POSR01_0654,11,1,positive_core,esm2_t33_650M_UR50D,33,mean_non_special_tokens
484,POSR01_0605,10,1,positive_core,esm2_t33_650M_UR50D,33,mean_non_special_tokens
485,POSR01_0789,15,1,positive_core,esm2_t33_650M_UR50D,33,mean_non_special_tokens
486,POSR01_0143,5,1,positive_core,esm2_t33_650M_UR50D,33,mean_non_special_tokens
487,POSR01_0255,6,1,positive_core,esm2_t33_650M_UR50D,33,mean_non_special_tokens
488,POSR01_0178,5,1,positive_core,esm2_t33_650M_UR50D,33,mean_non_special_tokens
489,POSR01_0327,6,1,positive_core,esm2_t33_650M_UR50D,33,mean_non_special_tokens
490,POSR01_0412,7,1,positive_core,esm2_t33_650M_UR50D,33,mean_non_special_tokens
491,POSR01_0102,4,1,positive_core,esm2_t33_650M_UR50D,33,mean_non_special_tokens
492,POSR01_0643,11,1,positive_core,esm2_t33_650M_UR50D,33,mean_non_special_tokens
493,POSR01_0237,5,1,positive_core,esm2_t33_650M_UR50D,33,mean_non_special_tokens
494,POSR01_0001,4,1,positive_core,esm2_t33_650M_UR50D,33,mean_non_special_tokens
495,POSR01_0579,10,1,positive_core,esm2_t33_650M_UR50D,33,mean_non_special_tokens
496,POSR01_0870,7,1,positive_core,esm2_t33_650M_UR50D,33,mean_non_special_tokens
497,POSR01_0744,13,1,positive_core,esm2_t33_650M_UR50D,33,mean_non_special_tokens
498,POSR01_0574,10,1,positive_core,esm2_t33_650M_UR50D,33,mean_non_special_tokens
499,POSR01_0851,5,1,positive_core,esm2_t33_650M_UR50D,33,mean_non_special_tokens
500,POSR01_0164,5,1,positive_core,esm2_t33_650M_UR50D,33,mean_non_special_tokens
501,POSR01_0038,4,1,positive_core,esm2_t33_650M_UR50D,33,mean_non_special_tokens
502,POSR01_0689,12,1,positive_core,esm2_t33_650M_UR50D,33,mean_non_special_tokens
503,POSR01_0118,5,1,positive_core,esm2_t33_650M_UR50D,33,mean_non_special_tokens
504,POSR01_0448,8,1,positive_core,esm2_t33_650M_UR50D,33,mean_non_special_tokens
505,POSR01_0880,8,1,positive_core,esm2_t33_650M_UR50D,33,mean_non_special_tokens
506,POSR01_0403,7,1,positive_core,esm2_t33_650M_UR50D,33,mean_non_special_tokens
507,POSR01_0866,7,1,positive_core,esm2_t33_650M_UR50D,33,mean_non_special_tokens
508,POSR01_0435,8,1,positive_core,esm2_t33_650M_UR50D,33,mean_non_special_tokens
509,POSR01_0794,15,1,positive_core,esm2_t33_650M_UR50D,33,mean_non_special_tokens
510,POSR01_0089,4,1,positive_core,esm2_t33_650M_UR50D,33,mean_non_special_tokens
511,POSR01_0116,5,1,positive_core,esm2_t33_650M_UR50D,33,mean_non_special_tokens
512,POSR01_0197,5,1,positive_core,esm2_t33_650M_UR50D,33,mean_non_special_tokens
513,POSR01_0047,4,1,positive_core,esm2_t33_650M_UR50D,33,mean_non_special_tokens
514,POSR01_0438,8,1,positive_core,esm2_t33_650M_UR50D,33,mean_non_special_tokens
515,POSR01_0684,12,1,positive_core,esm2_t33_650M_UR50D,33,mean_non_special_tokens
516,POSR01_0542,9,1,positive_core,esm2_t33_650M_UR50D,33,mean_non_special_tokens
517,POSR01_0633,11,1,positive_core,esm2_t33_650M_UR50D,33,mean_non_special_tokens
518,POSR01_0340,6,1,positive_core,esm2_t33_650M_UR50D,33,mean_non_special_tokens
519,POSR01_0162,5,1,positive_core,esm2_t33_650M_UR50D,33,mean_non_special_tokens
520,POSR01_0584,10,1,positive_core,esm2_t33_650M_UR50D,33,mean_non_special_tokens
521,POSR01_0504,9,1,positive_core,esm2_t33_650M_UR50D,33,mean_non_special_tokens
522,POSR01_0888,9,1,positive_core,esm2_t33_650M_UR50D,33,mean_non_special_tokens
523,POSR01_0406,7,1,positive_core,esm2_t33_650M_UR50D,33,mean_non_special_tokens
524,POSR01_0291,6,1,positive_core,esm2_t33_650M_UR50D,33,mean_non_special_tokens
525,POSR01_0039,4,1,positive_core,esm2_t33_650M_UR50D,33,mean_non_special_tokens
526,POSR01_0761,14,1,positive_core,esm2_t33_650M_UR50D,33,mean_non_special_tokens
527,POSR01_0778,14,1,positive_core,esm2_t33_650M_UR50D,33,mean_non_special_tokens
528,POSR01_0685,12,1,positive_core,esm2_t33_650M_UR50D,33,mean_non_special_tokens
529,POSR01_0328,6,1,positive_core,esm2_t33_650M_UR50D,33,mean_non_special_tokens
530,POSR01_0540,9,1,positive_core,esm2_t33_650M_UR50D,33,mean_non_special_tokens
531,POSR01_0556,10,1,positive_core,esm2_t33_650M_UR50D,33,mean_non_special_tokens
532,POSR01_0637,11,1,positive_core,esm2_t33_650M_UR50D,33,mean_non_special_tokens
533,POSR01_0671,12,1,positive_core,esm2_t33_650M_UR50D,33,mean_non_special_tokens
534,POSR01_0193,5,1,positive_core,esm2_t33_650M_UR50D,33,mean_non_special_tokens
535,POSR01_0507,9,1,positive_core,esm2_t33_650M_UR50D,33,mean_non_special_tokens
536,POSR01_0816,17,1,positive_core,esm2_t33_650M_UR50D,33,mean_non_special_tokens
537,POSR01_0177,5,1,positive_core,esm2_t33_650M_UR50D,33,mean_non_special_tokens
538,POSR01_0526,9,1,positive_core,esm2_t33_650M_UR50D,33,mean_non_special_tokens
539,POSR01_0404,7,1,positive_core,esm2_t33_650M_UR50D,33,mean_non_special_tokens
540,POSR01_0186,5,1,positive_core,esm2_t33_650M_UR50D,33,mean_non_special_tokens
541,POSR01_0707,12,1,positive_core,esm2_t33_650M_UR50D,33,mean_non_special_tokens
542,POSR01_0541,9,1,positive_core,esm2_t33_650M_UR50D,33,mean_non_special_tokens
543,POSR01_0500,9,1,positive_core,esm2_t33_650M_UR50D,33,mean_non_special_tokens
544,POSR01_0594,10,1,positive_core,esm2_t33_650M_UR50D,33,mean_non_special_tokens
545,POSR01_0892,11,1,positive_core,esm2_t33_650M_UR50D,33,mean_non_special_tokens
546,POSR01_0443,8,1,positive_core,esm2_t33_650M_UR50D,33,mean_non_special_tokens
547,POSR01_0201,5,1,positive_core,esm2_t33_650M_UR50D,33,mean_non_special_tokens
548,POSR01_0069,4,1,positive_core,esm2_t33_650M_UR50D,33,mean_non_special_tokens
549,POSR01_0729,13,1,positive_core,esm2_t33_650M_UR50D,33,mean_non_special_tokens
550,POSR01_0245,6,1,positive_core,esm2_t33_650M_UR50D,33,mean_non_special_tokens
551,POSR01_0766,14,1,positive_core,esm2_t33_650M_UR50D,33,mean_non_special_tokens
552,POSR01_0383,7,1,positive_core,esm2_t33_650M_UR50D,33,mean_non_special_tokens
553,POSR01_0065,4,1,positive_core,esm2_t33_650M_UR50D,33,mean_non_special_tokens
554,POSR01_0254,6,1,positive_core,esm2_t33_650M_UR50D,33,mean_non_special_tokens
555,POSR01_0013,4,1,positive_core,esm2_t33_650M_UR50D,33,mean_non_special_tokens
556,POSR01_0019,4,1,positive_core,esm2_t33_650M_UR50D,33,mean_non_special_tokens
557,POSR01_0581,10,1,positive_core,esm2_t33_650M_UR50D,33,mean_non_special_tokens
558,POSR01_0775,14,1,positive_core,esm2_t33_650M_UR50D,33,mean_non_special_tokens
559,POSR01_0480,8,1,positive_core,esm2_t33_650M_UR50D,33,mean_non_special_tokens
560,POSR01_0405,7,1,positive_core,esm2_t33_650M_UR50D,33,mean_non_special_tokens
561,POSR01_0229,5,1,positive_core,esm2_t33_650M_UR50D,33,mean_non_special_tokens
562,POSR01_0310,6,1,positive_core,esm2_t33_650M_UR50D,33,mean_non_special_tokens
563,POSR01_0563,10,1,positive_core,esm2_t33_650M_UR50D,33,mean_non_special_tokens
564,POSR01_0566,10,1,positive_core,esm2_t33_650M_UR50D,33,mean_non_special_tokens
565,POSR01_0764,14,1,positive_core,esm2_t33_650M_UR50D,33,mean_non_special_tokens
566,POSR01_0441,8,1,positive_core,esm2_t33_650M_UR50D,33,mean_non_special_tokens
567,POSR01_0619,11,1,positive_core,esm2_t33_650M_UR50D,33,mean_non_special_tokens
568,POSR01_0690,12,1,positive_core,esm2_t33_650M_UR50D,33,mean_non_special_tokens
569,POSR01_0572,10,1,positive_core,esm2_t33_650M_UR50D,33,mean_non_special_tokens
570,POSR01_0108,4,1,positive_core,esm2_t33_650M_UR50D,33,mean_non_special_tokens
571,POSR01_0874,8,1,positive_core,esm2_t33_650M_UR50D,33,mean_non_special_tokens
572,POSR01_0835,4,1,positive_core,esm2_t33_650M_UR50D,33,mean_non_special_tokens
573,POSR01_0776,14,1,positive_core,esm2_t33_650M_UR50D,33,mean_non_special_tokens
574,POSR01_0397,7,1,positive_core,esm2_t33_650M_UR50D,33,mean_non_special_tokens
575,POSR01_0292,6,1,positive_core,esm2_t33_650M_UR50D,33,mean_non_special_tokens
576,POSR01_0625,11,1,positive_core,esm2_t33_650M_UR50D,33,mean_non_special_tokens
577,POSR01_0630,11,1,positive_core,esm2_t33_650M_UR50D,33,mean_non_special_tokens
578,POSR01_0217,5,1,positive_core,esm2_t33_650M_UR50D,33,mean_non_special_tokens
579,POSR01_0494,9,1,positive_core,esm2_t33_650M_UR50D,33,mean_non_special_tokens
580,POSR01_0647,11,1,positive_core,esm2_t33_650M_UR50D,33,mean_non_special_tokens
581,POSR01_0037,4,1,positive_core,esm2_t33_650M_UR50D,33,mean_non_special_tokens
582,POSR01_0458,8,1,positive_core,esm2_t33_650M_UR50D,33,mean_non_special_tokens
583,POSR01_0583,10,1,positive_core,esm2_t33_650M_UR50D,33,mean_non_special_tokens
584,POSR01_0626,11,1,positive_core,esm2_t33_650M_UR50D,33,mean_non_special_tokens
585,POSR01_0243,5,1,positive_core,esm2_t33_650M_UR50D,33,mean_non_special_tokens
586,POSR01_0315,6,1,positive_core,esm2_t33_650M_UR50D,33,mean_non_special_tokens
587,POSR01_0585,10,1,positive_core,esm2_t33_650M_UR50D,33,mean_non_special_tokens
588,POSR01_0352,7,1,positive_core,esm2_t33_650M_UR50D,33,mean_non_special_tokens
589,POSR01_0501,9,1,positive_core,esm2_t33_650M_UR50D,33,mean_non_special_tokens
590,POSR01_0687,12,1,positive_core,esm2_t33_650M_UR50D,33,mean_non_special_tokens
591,POSR01_0374,7,1,positive_core,esm2_t33_650M_UR50D,33,mean_non_special_tokens
592,POSR01_0739,13,1,positive_core,esm2_t33_650M_UR50D,33,mean_non_special_tokens
593,POSR01_0610,10,1,positive_core,esm2_t33_650M_UR50D,33,mean_non_special_tokens
594,POSR01_0351,7,1,positive_core,esm2_t33_650M_UR50D,33,mean_non_special_tokens
595,POSR01_0564,10,1,positive_core,esm2_t33_650M_UR50D,33,mean_non_special_tokens
596,POSR01_0029,4,1,positive_core,esm2_t33_650M_UR50D,33,mean_non_special_tokens
597,POSR01_0347,6,1,positive_core,esm2_t33_650M_UR50D,33,mean_non_special_tokens
598,POSR01_0663,12,1,positive_core,esm2_t33_650M_UR50D,33,mean_non_special_tokens
599,POSR01_0543,9,1,positive_core,esm2_t33_650M_UR50D,33,mean_non_special_tokens
600,POSR01_0052,4,1,positive_core,esm2_t33_650M_UR50D,33,mean_non_special_tokens
601,POSR01_0512,9,1,positive_core,esm2_t33_650M_UR50D,33,mean_non_special_tokens
602,POSR01_0095,4,1,positive_core,esm2_t33_650M_UR50D,33,mean_non_special_tokens
603,POSR01_0094,4,1,positive_core,esm2_t33_650M_UR50D,33,mean_non_special_tokens
604,POSR01_0417,7,1,positive_core,esm2_t33_650M_UR50D,33,mean_non_special_tokens
605,POSR01_0622,11,1,positive_core,esm2_t33_650M_UR50D,33,mean_non_special_tokens
606,POSR01_0861,6,1,positive_core,esm2_t33_650M_UR50D,33,mean_non_special_tokens
607,POSR01_0782,15,1,positive_core,esm2_t33_650M_UR50D,33,mean_non_special_tokens
608,POSR01_0837,4,1,positive_core,esm2_t33_650M_UR50D,33,mean_non_special_tokens
609,POSR01_0349,6,1,positive_core,esm2_t33_650M_UR50D,33,mean_non_special_tokens
610,POSR01_0285,6,1,positive_core,esm2_t33_650M_UR50D,33,mean_non_special_tokens
611,POSR01_0109,4,1,positive_core,esm2_t33_650M_UR50D,33,mean_non_special_tokens
612,POSR01_0760,14,1,positive_core,esm2_t33_650M_UR50D,33,mean_non_special_tokens
613,POSR01_0362,7,1,positive_core,esm2_t33_650M_UR50D,33,mean_non_special_tokens
614,POSR01_0511,9,1,positive_core,esm2_t33_650M_UR50D,33,mean_non_special_tokens
615,POSR01_0788,15,1,positive_core,esm2_t33_650M_UR50D,33,mean_non_special_tokens
616,POSR01_0367,7,1,positive_core,esm2_t33_650M_UR50D,33,mean_non_special_tokens
617,POSR01_0083,4,1,positive_core,esm2_t33_650M_UR50D,33,mean_non_special_tokens
618,POSR01_0489,8,1,positive_core,esm2_t33_650M_UR50D,33,mean_non_special_tokens
619,POSR01_0756,14,1,positive_core,esm2_t33_650M_UR50D,33,mean_non_special_tokens
620,POSR01_0169,5,1,positive_core,esm2_t33_650M_UR50D,33,mean_non_special_tokens
621,POSR01_0174,5,1,positive_core,esm2_t33_650M_UR50D,33,mean_non_special_tokens
622,POSR01_0463,8,1,positive_core,esm2_t33_650M_UR50D,33,mean_non_special_tokens
623,POSR01_0725,13,1,positive_core,esm2_t33_650M_UR50D,33,mean_non_special_tokens
624,POSR01_0188,5,1,positive_core,esm2_t33_650M_UR50D,33,mean_non_special_tokens
625,POSR01_0442,8,1,positive_core,esm2_t33_650M_UR50D,33,mean_non_special_tokens
626,POSR01_0440,8,1,positive_core,esm2_t33_650M_UR50D,33,mean_non_special_tokens
627,POSR01_0363,7,1,positive_core,esm2_t33_650M_UR50D,33,mean_non_special_tokens
628,POSR01_0194,5,1,positive_core,esm2_t33_650M_UR50D,33,mean_non_special_tokens
629,POSR01_0283,6,1,positive_core,esm2_t33_650M_UR50D,33,mean_non_special_tokens
630,POSR01_0266,6,1,positive_core,esm2_t33_650M_UR50D,33,mean_non_special_tokens
631,POSR01_0644,11,1,positive_core,esm2_t33_650M_UR50D,33,mean_non_special_tokens
632,POSR01_0669,12,1,positive_core,esm2_t33_650M_UR50D,33,mean_non_special_tokens
633,POSR01_0516,9,1,positive_core,esm2_t33_650M_UR50D,33,mean_non_special_tokens
634,POSR01_0728,13,1,positive_core,esm2_t33_650M_UR50D,33,mean_non_special_tokens
635,POSR01_0453,8,1,positive_core,esm2_t33_650M_UR50D,33,mean_non_special_tokens
636,POSR01_0305,6,1,positive_core,esm2_t33_650M_UR50D,33,mean_non_special_tokens
637,POSR01_0124,5,1,positive_core,esm2_t33_650M_UR50D,33,mean_non_special_tokens
638,POSR01_0773,14,1,positive_core,esm2_t33_650M_UR50D,33,mean_non_special_tokens
639,POSR01_0832,4,1,positive_core,esm2_t33_650M_UR50D,33,mean_non_special_tokens
640,POSR01_0221,5,1,positive_core,esm2_t33_650M_UR50D,33,mean_non_special_tokens
641,POSR01_0697,12,1,positive_core,esm2_t33_650M_UR50D,33,mean_non_special_tokens
642,POSR01_0297,6,1,positive_core,esm2_t33_650M_UR50D,33,mean_non_special_tokens
643,POSR01_0895,12,1,positive_core,esm2_t33_650M_UR50D,33,mean_non_special_tokens
644,POSR01_0420,7,1,positive_core,esm2_t33_650M_UR50D,33,mean_non_special_tokens
645,POSR01_0290,6,1,positive_core,esm2_t33_650M_UR50D,33,mean_non_special_tokens
646,POSR01_0053,4,1,positive_core,esm2_t33_650M_UR50D,33,mean_non_special_tokens
647,POSR01_0498,9,1,positive_core,esm2_t33_650M_UR50D,33,mean_non_special_tokens
648,POSR01_0733,13,1,positive_core,esm2_t33_650M_UR50D,33,mean_non_special_tokens
649,POSR01_0799,16,1,positive_core,esm2_t33_650M_UR50D,33,mean_non_special_tokens
650,POSR01_0737,13,1,positive_core,esm2_t33_650M_UR50D,33,mean_non_special_tokens
651,POSR01_0382,7,1,positive_core,esm2_t33_650M_UR50D,33,mean_non_special_tokens
652,POSR01_0289,6,1,positive_core,esm2_t33_650M_UR50D,33,mean_non_special_tokens
653,POSR01_0742,13,1,positive_core,esm2_t33_650M_UR50D,33,mean_non_special_tokens
654,POSR01_0070,4,1,positive_core,esm2_t33_650M_UR50D,33,mean_non_special_tokens
655,POSR01_0207,5,1,positive_core,esm2_t33_650M_UR50D,33,mean_non_special_tokens
656,POSR01_0014,4,1,positive_core,esm2_t33_650M_UR50D,33,mean_non_special_tokens
657,POSR01_0398,7,1,positive_core,esm2_t33_650M_UR50D,33,mean_non_special_tokens
658,POSR01_0223,5,1,positive_core,esm2_t33_650M_UR50D,33,mean_non_special_tokens
659,POSR01_0731,13,1,positive_core,esm2_t33_650M_UR50D,33,mean_non_special_tokens
660,POSR01_0590,10,1,positive_core,esm2_t33_650M_UR50D,33,mean_non_special_tokens
661,POSR01_0748,13,1,positive_core,esm2_t33_650M_UR50D,33,mean_non_special_tokens
662,POSR01_0173,5,1,positive_core,esm2_t33_650M_UR50D,33,mean_non_special_tokens
663,POSR01_0238,5,1,positive_core,esm2_t33_650M_UR50D,33,mean_non_special_tokens
664,POSR01_0476,8,1,positive_core,esm2_t33_650M_UR50D,33,mean_non_special_tokens
665,POSR01_0216,5,1,positive_core,esm2_t33_650M_UR50D,33,mean_non_special_tokens
666,POSR01_0871,7,1,positive_core,esm2_t33_650M_UR50D,33,mean_non_special_tokens
667,POSR01_0646,11,1,positive_core,esm2_t33_650M_UR50D,33,mean_non_special_tokens
668,POSR01_0846,5,1,positive_core,esm2_t33_650M_UR50D,33,mean_non_special_tokens
669,POSR01_0493,9,1,positive_core,esm2_t33_650M_UR50D,33,mean_non_special_tokens
670,POSR01_0838,5,1,positive_core,esm2_t33_650M_UR50D,33,mean_non_special_tokens
671,POSR01_0878,8,1,positive_core,esm2_t33_650M_UR50D,33,mean_non_special_tokens
672,POSR01_0488,8,1,positive_core,esm2_t33_650M_UR50D,33,mean_non_special_tokens
673,POSR01_0144,5,1,positive_core,esm2_t33_650M_UR50D,33,mean_non_special_tokens
674,POSR01_0506,9,1,positive_core,esm2_t33_650M_UR50D,33,mean_non_special_tokens
675,POSR01_0665,12,1,positive_core,esm2_t33_650M_UR50D,33,mean_non_special_tokens
676,POSR01_0555,10,1,positive_core,esm2_t33_650M_UR50D,33,mean_non_special_tokens
677,POSR01_0534,9,1,positive_core,esm2_t33_650M_UR50D,33,mean_non_special_tokens
678,POSR01_0045,4,1,positive_core,esm2_t33_650M_UR50D,33,mean_non_special_tokens
679,POSR01_0008,4,1,positive_core,esm2_t33_650M_UR50D,33,mean_non_special_tokens
680,POSR01_0513,9,1,positive_core,esm2_t33_650M_UR50D,33,mean_non_special_tokens
681,POSR01_0338,6,1,positive_core,esm2_t33_650M_UR50D,33,mean_non_special_tokens
682,POSR01_0655,11,1,positive_core,esm2_t33_650M_UR50D,33,mean_non_special_tokens
683,POSR01_0211,5,1,positive_core,esm2_t33_650M_UR50D,33,mean_non_special_tokens
684,POSR01_0897,15,1,positive_core,esm2_t33_650M_UR50D,33,mean_non_special_tokens
685,POSR01_0670,12,1,positive_core,esm2_t33_650M_UR50D,33,mean_non_special_tokens
686,POSR01_0063,4,1,positive_core,esm2_t33_650M_UR50D,33,mean_non_special_tokens
687,POSR01_0649,11,1,positive_core,esm2_t33_650M_UR50D,33,mean_non_special_tokens
688,POSR01_0613,10,1,positive_core,esm2_t33_650M_UR50D,33,mean_non_special_tokens
689,POSR01_0309,6,1,positive_core,esm2_t33_650M_UR50D,33,mean_non_special_tokens
690,POSR01_0623,11,1,positive_core,esm2_t33_650M_UR50D,33,mean_non_special_tokens
691,POSR01_0459,8,1,positive_core,esm2_t33_650M_UR50D,33,mean_non_special_tokens
692,POSR01_0519,9,1,positive_core,esm2_t33_650M_UR50D,33,mean_non_special_tokens
693,POSR01_0672,12,1,positive_core,esm2_t33_650M_UR50D,33,mean_non_special_tokens
694,POSR01_0185,5,1,positive_core,esm2_t33_650M_UR50D,33,mean_non_special_tokens
695,POSR01_0218,5,1,positive_core,esm2_t33_650M_UR50D,33,mean_non_special_tokens
696,POSR01_0818,18,1,positive_core,esm2_t33_650M_UR50D,33,mean_non_special_tokens
697,POSR01_0586,10,1,positive_core,esm2_t33_650M_UR50D,33,mean_non_special_tokens
698,POSR01_0694,12,1,positive_core,esm2_t33_650M_UR50D,33,mean_non_special_tokens
699,POSR01_0248,6,1,positive_core,esm2_t33_650M_UR50D,33,mean_non_special_tokens
700,POSR01_0869,7,1,positive_core,esm2_t33_650M_UR50D,33,mean_non_special_tokens
701,POSR01_0072,4,1,positive_core,esm2_t33_650M_UR50D,33,mean_non_special_tokens
702,POSR01_0399,7,1,positive_core,esm2_t33_650M_UR50D,33,mean_non_special_tokens
703,POSR01_0276,6,1,positive_core,esm2_t33_650M_UR50D,33,mean_non_special_tokens
704,POSR01_0792,15,1,positive_core,esm2_t33_650M_UR50D,33,mean_non_special_tokens
705,POSR01_0244,6,1,positive_core,esm2_t33_650M_UR50D,33,mean_non_special_tokens
706,POSR01_0797,15,1,positive_core,esm2_t33_650M_UR50D,33,mean_non_special_tokens
707,POSR01_0333,6,1,positive_core,esm2_t33_650M_UR50D,33,mean_non_special_tokens
708,POSR01_0854,5,1,positive_core,esm2_t33_650M_UR50D,33,mean_non_special_tokens
709,POSR01_0085,4,1,positive_core,esm2_t33_650M_UR50D,33,mean_non_special_tokens
710,POSR01_0204,5,1,positive_core,esm2_t33_650M_UR50D,33,mean_non_special_tokens
711,POSR01_0592,10,1,positive_core,esm2_t33_650M_UR50D,33,mean_non_special_tokens
712,POSR01_0627,11,1,positive_core,esm2_t33_650M_UR50D,33,mean_non_special_tokens
713,POSR01_0380,7,1,positive_core,esm2_t33_650M_UR50D,33,mean_non_special_tokens
714,POSR01_0020,4,1,positive_core,esm2_t33_650M_UR50D,33,mean_non_special_tokens
715,POSR01_0262,6,1,positive_core,esm2_t33_650M_UR50D,33,mean_non_special_tokens
716,POSR01_0551,10,1,positive_core,esm2_t33_650M_UR50D,33,mean_non_special_tokens
717,POSR01_0269,6,1,positive_core,esm2_t33_650M_UR50D,33,mean_non_special_tokens
718,POSR01_0680,12,1,positive_core,esm2_t33_650M_UR50D,33,mean_non_special_tokens
719,POSR01_0161,5,1,positive_core,esm2_t33_650M_UR50D,33,mean_non_special_tokens
720,POSR01_0030,4,1,positive_core,esm2_t33_650M_UR50D,33,mean_non_special_tokens
721,POSR01_0531,9,1,positive_core,esm2_t33_650M_UR50D,33,mean_non_special_tokens
722,POSR01_0215,5,1,positive_core,esm2_t33_650M_UR50D,33,mean_non_special_tokens
723,POSR01_0753,14,1,positive_core,esm2_t33_650M_UR50D,33,mean_non_special_tokens
724,POSR01_0369,7,1,positive_core,esm2_t33_650M_UR50D,33,mean_non_special_tokens
725,POSR01_0199,5,1,positive_core,esm2_t33_650M_UR50D,33,mean_non_special_tokens
726,POSR01_0170,5,1,positive_core,esm2_t33_650M_UR50D,33,mean_non_special_tokens
727,POSR01_0023,4,1,positive_core,esm2_t33_650M_UR50D,33,mean_non_special_tokens
728,POSR01_0191,5,1,positive_core,esm2_t33_650M_UR50D,33,mean_non_special_tokens
729,POSR01_0809,16,1,positive_core,esm2_t33_650M_UR50D,33,mean_non_special_tokens
730,POSR01_0536,9,1,positive_core,esm2_t33_650M_UR50D,33,mean_non_special_tokens
731,POSR01_0371,7,1,positive_core,esm2_t33_650M_UR50D,33,mean_non_special_tokens
732,POSR01_0388,7,1,positive_core,esm2_t33_650M_UR50D,33,mean_non_special_tokens
733,POSR01_0086,4,1,positive_core,esm2_t33_650M_UR50D,33,mean_non_special_tokens
734,POSR01_0811,17,1,positive_core,esm2_t33_650M_UR50D,33,mean_non_special_tokens
735,POSR01_0517,9,1,positive_core,esm2_t33_650M_UR50D,33,mean_non_special_tokens
736,POSR01_0711,13,1,positive_core,esm2_t33_650M_UR50D,33,mean_non_special_tokens
737,POSR01_0641,11,1,positive_core,esm2_t33_650M_UR50D,33,mean_non_special_tokens
738,POSR01_0716,13,1,positive_core,esm2_t33_650M_UR50D,33,mean_non_special_tokens
739,POSR01_0219,5,1,positive_core,esm2_t33_650M_UR50D,33,mean_non_special_tokens
740,POSR01_0628,11,1,positive_core,esm2_t33_650M_UR50D,33,mean_non_special_tokens
741,POSR01_0202,5,1,positive_core,esm2_t33_650M_UR50D,33,mean_non_special_tokens
742,POSR01_0813,17,1,positive_core,esm2_t33_650M_UR50D,33,mean_non_special_tokens
743,POSR01_0602,10,1,positive_core,esm2_t33_650M_UR50D,33,mean_non_special_tokens
744,POSR01_0678,12,1,positive_core,esm2_t33_650M_UR50D,33,mean_non_special_tokens
745,POSR01_0763,14,1,positive_core,esm2_t33_650M_UR50D,33,mean_non_special_tokens
746,POSR01_0279,6,1,positive_core,esm2_t33_650M_UR50D,33,mean_non_special_tokens
747,POSR01_0573,10,1,positive_core,esm2_t33_650M_UR50D,33,mean_non_special_tokens
748,POSR01_0681,12,1,positive_core,esm2_t33_650M_UR50D,33,mean_non_special_tokens
749,POSR01_0007,4,1,positive_core,esm2_t33_650M_UR50D,33,mean_non_special_tokens
750,POSR01_0324,6,1,positive_core,esm2_t33_650M_UR50D,33,mean_non_special_tokens
751,POSR01_0803,16,1,positive_core,esm2_t33_650M_UR50D,33,mean_non_special_tokens
752,POSR01_0034,4,1,positive_core,esm2_t33_650M_UR50D,33,mean_non_special_tokens
753,POSR01_0418,7,1,positive_core,esm2_t33_650M_UR50D,33,mean_non_special_tokens
754,POSR01_0612,10,1,positive_core,esm2_t33_650M_UR50D,33,mean_non_special_tokens
755,POSR01_0676,12,1,positive_core,esm2_t33_650M_UR50D,33,mean_non_special_tokens
756,POSR01_0222,5,1,positive_core,esm2_t33_650M_UR50D,33,mean_non_special_tokens
757,POSR01_0259,6,1,positive_core,esm2_t33_650M_UR50D,33,mean_non_special_tokens
758,POSR01_0240,5,1,positive_core,esm2_t33_650M_UR50D,33,mean_non_special_tokens
759,POSR01_0018,4,1,positive_core,esm2_t33_650M_UR50D,33,mean_non_special_tokens
760,POSR01_0698,12,1,positive_core,esm2_t33_650M_UR50D,33,mean_non_special_tokens
761,POSR01_0785,15,1,positive_core,esm2_t33_650M_UR50D,33,mean_non_special_tokens
762,POSR01_0539,9,1,positive_core,esm2_t33_650M_UR50D,33,mean_non_special_tokens
763,POSR01_0129,5,1,positive_core,esm2_t33_650M_UR50D,33,mean_non_special_tokens
764,POSR01_0808,16,1,positive_core,esm2_t33_650M_UR50D,33,mean_non_special_tokens
765,POSR01_0570,10,1,positive_core,esm2_t33_650M_UR50D,33,mean_non_special_tokens
766,POSR01_0885,9,1,positive_core,esm2_t33_650M_UR50D,33,mean_non_special_tokens
767,POSR01_0389,7,1,positive_core,esm2_t33_650M_UR50D,33,mean_non_special_tokens
768,POSR01_0153,5,1,positive_core,esm2_t33_650M_UR50D,33,mean_non_special_tokens
769,POSR01_0097,4,1,positive_core,esm2_t33_650M_UR50D,33,mean_non_special_tokens
770,POSR01_0312,6,1,positive_core,esm2_t33_650M_UR50D,33,mean_non_special_tokens
771,POSR01_0213,5,1,positive_core,esm2_t33_650M_UR50D,33,mean_non_special_tokens
772,POSR01_0192,5,1,positive_core,esm2_t33_650M_UR50D,33,mean_non_special_tokens
773,POSR01_0123,5,1,positive_core,esm2_t33_650M_UR50D,33,mean_non_special_tokens
774,POSR01_0532,9,1,positive_core,esm2_t33_650M_UR50D,33,mean_non_special_tokens
775,POSR01_0651,11,1,positive_core,esm2_t33_650M_UR50D,33,mean_non_special_tokens
776,POSR01_0891,10,1,positive_core,esm2_t33_650M_UR50D,33,mean_non_special_tokens
777,POSR01_0795,15,1,positive_core,esm2_t33_650M_UR50D,33,mean_non_special_tokens
778,POSR01_0660,11,1,positive_core,esm2_t33_650M_UR50D,33,mean_non_special_tokens
779,POSR01_0469,8,1,positive_core,esm2_t33_650M_UR50D,33,mean_non_special_tokens
780,POSR01_0467,8,1,positive_core,esm2_t33_650M_UR50D,33,mean_non_special_tokens
781,POSR01_0492,9,1,positive_core,esm2_t33_650M_UR50D,33,mean_non_special_tokens
782,POSR01_0726,13,1,positive_core,esm2_t33_650M_UR50D,33,mean_non_special_tokens
783,POSR01_0819,18,1,positive_core,esm2_t33_650M_UR50D,33,mean_non_special_tokens
784,POSR01_0058,4,1,positive_core,esm2_t33_650M_UR50D,33,mean_non_special_tokens
785,POSR01_0830,4,1,positive_core,esm2_t33_650M_UR50D,33,mean_non_special_tokens
786,POSR01_0820,18,1,positive_core,esm2_t33_650M_UR50D,33,mean_non_special_tokens
787,POSR01_0319,6,1,positive_core,esm2_t33_650M_UR50D,33,mean_non_special_tokens
788,POSR01_0705,12,1,positive_core,esm2_t33_650M_UR50D,33,mean_non_special_tokens
789,POSR01_0273,6,1,positive_core,esm2_t33_650M_UR50D,33,mean_non_special_tokens
790,POSR01_0806,16,1,positive_core,esm2_t33_650M_UR50D,33,mean_non_special_tokens
791,POSR01_0802,16,1,positive_core,esm2_t33_650M_UR50D,33,mean_non_special_tokens
792,POSR01_0316,6,1,positive_core,esm2_t33_650M_UR50D,33,mean_non_special_tokens
793,POSR01_0284,6,1,positive_core,esm2_t33_650M_UR50D,33,mean_non_special_tokens
794,POSR01_0844,5,1,positive_core,esm2_t33_650M_UR50D,33,mean_non_special_tokens
795,POSR01_0365,7,1,positive_core,esm2_t33_650M_UR50D,33,mean_non_special_tokens
796,POSR01_0131,5,1,positive_core,esm2_t33_650M_UR50D,33,mean_non_special_tokens
797,POSR01_0704,12,1,positive_core,esm2_t33_650M_UR50D,33,mean_non_special_tokens
798,POSR01_0496,9,1,positive_core,esm2_t33_650M_UR50D,33,mean_non_special_tokens
799,POSR01_0682,12,1,positive_core,esm2_t33_650M_UR50D,33,mean_non_special_tokens
800,POSR01_0528,9,1,positive_core,esm2_t33_650M_UR50D,33,mean_non_special_tokens
801,POSR01_0122,5,1,positive_core,esm2_t33_650M_UR50D,33,mean_non_special_tokens
802,POSR01_0159,5,1,positive_core,esm2_t33_650M_UR50D,33,mean_non_special_tokens
803,POSR01_0212,5,1,positive_core,esm2_t33_650M_UR50D,33,mean_non_special_tokens
804,POSR01_0302,6,1,positive_core,esm2_t33_650M_UR50D,33,mean_non_special_tokens
805,POSR01_0599,10,1,positive_core,esm2_t33_650M_UR50D,33,mean_non_special_tokens
806,POSR01_0096,4,1,positive_core,esm2_t33_650M_UR50D,33,mean_non_special_tokens
807,POSR01_0639,11,1,positive_core,esm2_t33_650M_UR50D,33,mean_non_special_tokens
808,POSR01_0609,10,1,positive_core,esm2_t33_650M_UR50D,33,mean_non_special_tokens
809,POSR01_0355,7,1,positive_core,esm2_t33_650M_UR50D,33,mean_non_special_tokens
810,POSR01_0620,11,1,positive_core,esm2_t33_650M_UR50D,33,mean_non_special_tokens
811,POSR01_0508,9,1,positive_core,esm2_t33_650M_UR50D,33,mean_non_special_tokens
812,POSR01_0629,11,1,positive_core,esm2_t33_650M_UR50D,33,mean_non_special_tokens
813,POSR01_0445,8,1,positive_core,esm2_t33_650M_UR50D,33,mean_non_special_tokens
814,POSR01_0659,11,1,positive_core,esm2_t33_650M_UR50D,33,mean_non_special_tokens
815,POSR01_0195,5,1,positive_core,esm2_t33_650M_UR50D,33,mean_non_special_tokens
816,POSR01_0600,10,1,positive_core,esm2_t33_650M_UR50D,33,mean_non_special_tokens
817,POSR01_0103,4,1,positive_core,esm2_t33_650M_UR50D,33,mean_non_special_tokens
818,POSR01_0386,7,1,positive_core,esm2_t33_650M_UR50D,33,mean_non_special_tokens
819,POSR01_0055,4,1,positive_core,esm2_t33_650M_UR50D,33,mean_non_special_tokens
820,POSR01_0462,8,1,positive_core,esm2_t33_650M_UR50D,33,mean_non_special_tokens
821,POSR01_0214,5,1,positive_core,esm2_t33_650M_UR50D,33,mean_non_special_tokens
822,POSR01_0595,10,1,positive_core,esm2_t33_650M_UR50D,33,mean_non_special_tokens
823,POSR01_0334,6,1,positive_core,esm2_t33_650M_UR50D,33,mean_non_special_tokens
824,POSR01_0859,6,1,positive_core,esm2_t33_650M_UR50D,33,mean_non_special_tokens
825,POSR01_0433,8,1,positive_core,esm2_t33_650M_UR50D,33,mean_non_special_tokens
826,POSR01_0060,4,1,positive_core,esm2_t33_650M_UR50D,33,mean_non_special_tokens
827,POSR01_0231,5,1,positive_core,esm2_t33_650M_UR50D,33,mean_non_special_tokens
828,POSR01_0722,13,1,positive_core,esm2_t33_650M_UR50D,33,mean_non_special_tokens
829,POSR01_0824,19,1,positive_core,esm2_t33_650M_UR50D,33,mean_non_special_tokens
830,POSR01_0009,4,1,positive_core,esm2_t33_650M_UR50D,33,mean_non_special_tokens
831,POSR01_0615,11,1,positive_core,esm2_t33_650M_UR50D,33,mean_non_special_tokens
832,POSR01_0256,6,1,positive_core,esm2_t33_650M_UR50D,33,mean_non_special_tokens
833,POSR01_0470,8,1,positive_core,esm2_t33_650M_UR50D,33,mean_non_special_tokens
834,POSR01_0452,8,1,positive_core,esm2_t33_650M_UR50D,33,mean_non_special_tokens
835,POSR01_0465,8,1,positive_core,esm2_t33_650M_UR50D,33,mean_non_special_tokens
836,POSR01_0491,9,1,positive_core,esm2_t33_650M_UR50D,33,mean_non_special_tokens
837,POSR01_0522,9,1,positive_core,esm2_t33_650M_UR50D,33,mean_non_special_tokens
838,POSR01_0884,8,1,positive_core,esm2_t33_650M_UR50D,33,mean_non_special_tokens
839,POSR01_0710,13,1,positive_core,esm2_t33_650M_UR50D,33,mean_non_special_tokens
840,POSR01_0755,14,1,positive_core,esm2_t33_650M_UR50D,33,mean_non_special_tokens
841,POSR01_0529,9,1,positive_core,esm2_t33_650M_UR50D,33,mean_non_special_tokens
842,POSR01_0361,7,1,positive_core,esm2_t33_650M_UR50D,33,mean_non_special_tokens
843,POSR01_0078,4,1,positive_core,esm2_t33_650M_UR50D,33,mean_non_special_tokens
844,POSR01_0394,7,1,positive_core,esm2_t33_650M_UR50D,33,mean_non_special_tokens
845,POSR01_0364,7,1,positive_core,esm2_t33_650M_UR50D,33,mean_non_special_tokens
846,POSR01_0523,9,1,positive_core,esm2_t33_650M_UR50D,33,mean_non_special_tokens
847,POSR01_0675,12,1,positive_core,esm2_t33_650M_UR50D,33,mean_non_special_tokens
848,POSR01_0172,5,1,positive_core,esm2_t33_650M_UR50D,33,mean_non_special_tokens
849,POSR01_0345,6,1,positive_core,esm2_t33_650M_UR50D,33,mean_non_special_tokens
850,POSR01_0474,8,1,positive_core,esm2_t33_650M_UR50D,33,mean_non_special_tokens
851,POSR01_0552,10,1,positive_core,esm2_t33_650M_UR50D,33,mean_non_special_tokens
852,POSR01_0424,8,1,positive_core,esm2_t33_650M_UR50D,33,mean_non_special_tokens
853,POSR01_0242,5,1,positive_core,esm2_t33_650M_UR50D,33,mean_non_special_tokens
854,POSR01_0402,7,1,positive_core,esm2_t33_650M_UR50D,33,mean_non_special_tokens
855,POSR01_0401,7,1,positive_core,esm2_t33_650M_UR50D,33,mean_non_special_tokens
856,POSR01_0074,4,1,positive_core,esm2_t33_650M_UR50D,33,mean_non_special_tokens
857,POSR01_0863,6,1,positive_core,esm2_t33_650M_UR50D,33,mean_non_special_tokens
858,POSR01_0634,11,1,positive_core,esm2_t33_650M_UR50D,33,mean_non_special_tokens
859,POSR01_0499,9,1,positive_core,esm2_t33_650M_UR50D,33,mean_non_special_tokens
860,POSR01_0754,14,1,positive_core,esm2_t33_650M_UR50D,33,mean_non_special_tokens
861,POSR01_0422,8,1,positive_core,esm2_t33_650M_UR50D,33,mean_non_special_tokens
862,POSR01_0073,4,1,positive_core,esm2_t33_650M_UR50D,33,mean_non_special_tokens
863,POSR01_0006,4,1,positive_core,esm2_t33_650M_UR50D,33,mean_non_special_tokens
864,POSR01_0003,4,1,positive_core,esm2_t33_650M_UR50D,33,mean_non_special_tokens
865,POSR01_0150,5,1,positive_core,esm2_t33_650M_UR50D,33,mean_non_special_tokens
866,POSR01_0759,14,1,positive_core,esm2_t33_650M_UR50D,33,mean_non_special_tokens
867,POSR01_0796,15,1,positive_core,esm2_t33_650M_UR50D,33,mean_non_special_tokens
868,POSR01_0429,8,1,positive_core,esm2_t33_650M_UR50D,33,mean_non_special_tokens
869,POSR01_0225,5,1,positive_core,esm2_t33_650M_UR50D,33,mean_non_special_tokens
870,POSR01_0746,13,1,positive_core,esm2_t33_650M_UR50D,33,mean_non_special_tokens
871,POSR01_0817,17,1,positive_core,esm2_t33_650M_UR50D,33,mean_non_special_tokens
872,POSR01_0022,4,1,positive_core,esm2_t33_650M_UR50D,33,mean_non_special_tokens
873,POSR01_0311,6,1,positive_core,esm2_t33_650M_UR50D,33,mean_non_special_tokens
874,POSR01_0735,13,1,positive_core,esm2_t33_650M_UR50D,33,mean_non_special_tokens
875,POSR01_0635,11,1,positive_core,esm2_t33_650M_UR50D,33,mean_non_special_tokens
876,POSR01_0588,10,1,positive_core,esm2_t33_650M_UR50D,33,mean_non_special_tokens
877,POSR01_0673,12,1,positive_core,esm2_t33_650M_UR50D,33,mean_non_special_tokens
878,POSR01_0783,15,1,positive_core,esm2_t33_650M_UR50D,33,mean_non_special_tokens
879,POSR01_0650,11,1,positive_core,esm2_t33_650M_UR50D,33,mean_non_special_tokens
880,POSR01_0485,8,1,positive_core,esm2_t33_650M_UR50D,33,mean_non_special_tokens
881,POSR01_0149,5,1,positive_core,esm2_t33_650M_UR50D,33,mean_non_special_tokens
882,POSR01_0743,13,1,positive_core,esm2_t33_650M_UR50D,33,mean_non_special_tokens
883,POSR01_0606,10,1,positive_core,esm2_t33_650M_UR50D,33,mean_non_special_tokens
884,POSR01_0550,10,1,positive_core,esm2_t33_650M_UR50D,33,mean_non_special_tokens
885,POSR01_0700,12,1,positive_core,esm2_t33_650M_UR50D,33,mean_non_special_tokens
886,POSR01_0236,5,1,positive_core,esm2_t33_650M_UR50D,33,mean_non_special_tokens
887,POSR01_0686,12,1,positive_core,esm2_t33_650M_UR50D,33,mean_non_special_tokens
888,POSR01_0679,12,1,positive_core,esm2_t33_650M_UR50D,33,mean_non_special_tokens
889,POSR01_0578,10,1,positive_core,esm2_t33_650M_UR50D,33,mean_non_special_tokens
890,POSR01_0812,17,1,positive_core,esm2_t33_650M_UR50D,33,mean_non_special_tokens
891,POSR01_0423,8,1,positive_core,esm2_t33_650M_UR50D,33,mean_non_special_tokens
892,POSR01_0456,8,1,positive_core,esm2_t33_650M_UR50D,33,mean_non_special_tokens
893,POSR01_0479,8,1,positive_core,esm2_t33_650M_UR50D,33,mean_non_special_tokens
894,POSR01_0708,12,1,positive_core,esm2_t33_650M_UR50D,33,mean_non_special_tokens
895,POSR01_0822,18,1,positive_core,esm2_t33_650M_UR50D,33,mean_non_special_tokens
896,POSR01_0439,8,1,positive_core,esm2_t33_650M_UR50D,33,mean_non_special_tokens
897,POSR01_0730,13,1,positive_core,esm2_t33_650M_UR50D,33,mean_non_special_tokens
898,POSR01_0712,13,1,positive_core,esm2_t33_650M_UR50D,33,mean_non_special_tokens
899,NEGR01_0001,9,0,core_negative,esm2_t33_650M_UR50D,33,mean_non_special_tokens
900,NEGR01_0002,12,0,core_negative,esm2_t33_650M_UR50D,33,mean_non_special_tokens
901,NEGR01_0003,10,0,core_negative,esm2_t33_650M_UR50D,33,mean_non_special_tokens
902,NEGR01_0004,9,0,core_negative,esm2_t33_650M_UR50D,33,mean_non_special_tokens
903,NEGR01_0005,9,0,core_negative,esm2_t33_650M_UR50D,33,mean_non_special_tokens
904,NEGR01_0006,5,0,core_negative,esm2_t33_650M_UR50D,33,mean_non_special_tokens
905,NEGR01_0007,6,0,core_negative,esm2_t33_650M_UR50D,33,mean_non_special_tokens
906,NEGR01_0008,7,0,core_negative,esm2_t33_650M_UR50D,33,mean_non_special_tokens
907,NEGR01_0009,10,0,core_negative,esm2_t33_650M_UR50D,33,mean_non_special_tokens
908,NEGR01_0010,5,0,core_negative,esm2_t33_650M_UR50D,33,mean_non_special_tokens
909,NEGR01_0011,6,0,core_negative,esm2_t33_650M_UR50D,33,mean_non_special_tokens
910,NEGR01_0012,4,0,core_negative,esm2_t33_650M_UR50D,33,mean_non_special_tokens
911,NEGR01_0013,6,0,core_negative,esm2_t33_650M_UR50D,33,mean_non_special_tokens
912,NEGR01_0014,4,0,core_negative,esm2_t33_650M_UR50D,33,mean_non_special_tokens
913,NEGR01_0015,5,0,core_negative,esm2_t33_650M_UR50D,33,mean_non_special_tokens
914,NEGR01_0016,17,0,core_negative,esm2_t33_650M_UR50D,33,mean_non_special_tokens
915,NEGR01_0017,5,0,core_negative,esm2_t33_650M_UR50D,33,mean_non_special_tokens
916,NEGR01_0018,6,0,core_negative,esm2_t33_650M_UR50D,33,mean_non_special_tokens
917,NEGR01_0019,19,0,core_negative,esm2_t33_650M_UR50D,33,mean_non_special_tokens
918,NEGR01_0020,7,0,core_negative,esm2_t33_650M_UR50D,33,mean_non_special_tokens
919,NEGR01_0021,4,0,core_negative,esm2_t33_650M_UR50D,33,mean_non_special_tokens
920,NEGR01_0022,5,0,core_negative,esm2_t33_650M_UR50D,33,mean_non_special_tokens
921,NEGR01_0023,18,0,core_negative,esm2_t33_650M_UR50D,33,mean_non_special_tokens
922,NEGR01_0024,4,0,core_negative,esm2_t33_650M_UR50D,33,mean_non_special_tokens
923,NEGR01_0025,8,0,core_negative,esm2_t33_650M_UR50D,33,mean_non_special_tokens
924,NEGR01_0026,11,0,core_negative,esm2_t33_650M_UR50D,33,mean_non_special_tokens
925,NEGR01_0027,12,0,core_negative,esm2_t33_650M_UR50D,33,mean_non_special_tokens
926,NEGR01_0028,16,0,core_negative,esm2_t33_650M_UR50D,33,mean_non_special_tokens
927,NEGR01_0029,11,0,core_negative,esm2_t33_650M_UR50D,33,mean_non_special_tokens
928,SENSR01_0001,6,0,negative_sensitivity,esm2_t33_650M_UR50D,33,mean_non_special_tokens
929,SENSR01_0002,7,0,negative_sensitivity,esm2_t33_650M_UR50D,33,mean_non_special_tokens
930,SENSR01_0003,8,0,negative_sensitivity,esm2_t33_650M_UR50D,33,mean_non_special_tokens
931,CHL0001,2,0,challenge_only,esm2_t33_650M_UR50D,33,mean_non_special_tokens
932,CHL0002,3,0,challenge_only,esm2_t33_650M_UR50D,33,mean_non_special_tokens
933,CHL0003,3,0,challenge_only,esm2_t33_650M_UR50D,33,mean_non_special_tokens
934,CHL0004,3,0,challenge_only,esm2_t33_650M_UR50D,33,mean_non_special_tokens
935,CHL0005,3,0,challenge_only,esm2_t33_650M_UR50D,33,mean_non_special_tokens
936,CHL0006,3,0,challenge_only,esm2_t33_650M_UR50D,33,mean_non_special_tokens
937,CHL0007,3,0,challenge_only,esm2_t33_650M_UR50D,33,mean_non_special_tokens
938,CHL0008,3,0,challenge_only,esm2_t33_650M_UR50D,33,mean_non_special_tokens
939,CHL0009,3,0,challenge_only,esm2_t33_650M_UR50D,33,mean_non_special_tokens
940,CHL0010,3,0,challenge_only,esm2_t33_650M_UR50D,33,mean_non_special_tokens
941,CHL0011,3,0,challenge_only,esm2_t33_650M_UR50D,33,mean_non_special_tokens
942,CHL0012,4,0,challenge_only,esm2_t33_650M_UR50D,33,mean_non_special_tokens
943,CHL0013,5,0,challenge_only,esm2_t33_650M_UR50D,33,mean_non_special_tokens
944,CHL0014,5,0,challenge_only,esm2_t33_650M_UR50D,33,mean_non_special_tokens
945,CHL0015,5,0,challenge_only,esm2_t33_650M_UR50D,33,mean_non_special_tokens
946,CHL0016,5,0,challenge_only,esm2_t33_650M_UR50D,33,mean_non_special_tokens
947,CHL0017,6,0,challenge_only,esm2_t33_650M_UR50D,33,mean_non_special_tokens
948,CHL0018,6,0,challenge_only,esm2_t33_650M_UR50D,33,mean_non_special_tokens
949,CHL0019,6,0,challenge_only,esm2_t33_650M_UR50D,33,mean_non_special_tokens
950,CHL0020,6,0,challenge_only,esm2_t33_650M_UR50D,33,mean_non_special_tokens
951,CHL0021,6,0,challenge_only,esm2_t33_650M_UR50D,33,mean_non_special_tokens
952,CHL0022,7,0,challenge_only,esm2_t33_650M_UR50D,33,mean_non_special_tokens
953,CHL0023,7,0,challenge_only,esm2_t33_650M_UR50D,33,mean_non_special_tokens
954,CHL0024,8,0,challenge_only,esm2_t33_650M_UR50D,33,mean_non_special_tokens
955,CHL0025,8,0,challenge_only,esm2_t33_650M_UR50D,33,mean_non_special_tokens
956,CHL0026,8,0,challenge_only,esm2_t33_650M_UR50D,33,mean_non_special_tokens
957,CHL0027,8,0,challenge_only,esm2_t33_650M_UR50D,33,mean_non_special_tokens
958,CHL0028,9,0,challenge_only,esm2_t33_650M_UR50D,33,mean_non_special_tokens
